"SQUIRREL","HAWK"
"11041","48"
"10562","48"
"10515","48"
"10510","48"
"10519","47"
"10458","44"
"10379","44"
"10302","43"
"10220","42"
"10143","42"
"10055","42"
"9981","42"
"9901","42"
"9836","42"
"9754","42"
"9665","42"
"9578","42"
"9503","42"
"9427","42"
"9341","42"
"9256","42"
"9183","42"
"9110","42"
"9033","41"
"8948","41"
"8873","41"
"8796","41"
"8721","41"
"8646","41"
"8579","41"
"8513","41"
"8439","41"
"8375","41"
"8303","41"
"8234","41"
"8167","41"
"8105","41"
"8040","41"
"7976","41"
"7918","41"
"7857","41"
"7785","41"
"7719","41"
"7659","41"
"7596","41"
"7530","41"
"7470","41"
"7402","41"
"7346","40"
"7285","40"
"7221","40"
"7163","40"
"7089","40"
"7031","40"
"6979","40"
"6915","40"
"6862","40"
"6799","40"
"6743","40"
"6689","40"
"6634","40"
"6581","40"
"6526","39"
"6468","39"
"6415","39"
"6361","39"
"6313","39"
"6262","39"
"6217","39"
"6167","39"
"6124","38"
"6073","38"
"6021","37"
"5970","37"
"5924","37"
"5887","37"
"5829","37"
"5790","37"
"5744","37"
"5704","37"
"5660","37"
"5616","37"
"5592","37"
"5572","37"
"5578","37"
"5603","37"
"5647","37"
"5692","37"
"5780","37"
"5820","37"
"5898","39"
"5937","42"
"5998","42"
"6054","41"
"6100","41"
"6154","42"
"6203","42"
"6238","42"
"6340","45"
"6382","45"
"6451","46"
"6507","46"
"6596","47"
"6620","47"
"6656","47"
"6666","47"
"6712","47"
"6740","50"
"6769","50"
"6858","52"
"6899","52"
"6945","52"
"6964","53"
"6970","56"
"6963","56"
"7014","57"
"7055","56"
"7104","59"
"7144","58"
"7149","58"
"7144","58"
"7177","58"
"7210","58"
"7240","58"
"7261","58"
"7293","58"
"7329","57"
"7337","56"
"7336","56"
"7351","56"
"7374","55"
"7399","55"
"7431","57"
"7438","56"
"7431","56"
"7441","56"
"7436","56"
"7431","56"
"7453","56"
"7497","56"
"7488","56"
"7496","56"
"7505","55"
"7567","55"
"7582","55"
"7587","55"
"7574","55"
"7577","54"
"7593","53"
"7581","53"
"7577","53"
"7599","53"
"7638","53"
"7634","52"
"7616","52"
"7609","52"
"7609","52"
"7593","52"
"7598","51"
"7591","51"
"7600","51"
"7602","51"
"7601","51"
"7642","51"
"7640","51"
"7631","51"
"7603","51"
"7604","51"
"7618","51"
"7601","50"
"7624","50"
"7641","50"
"7642","50"
"7629","50"
"7607","49"
"7575","49"
"7596","49"
"7587","49"
"7615","49"
"7607","49"
"7585","49"
"7559","48"
"7540","47"
"7520","47"
"7522","47"
"7478","47"
"7437","47"
"7390","47"
"7340","46"
"7293","46"
"7243","46"
"7195","46"
"7143","45"
"7095","45"
"7048","45"
"7001","45"
"6952","45"
"6907","45"
"6856","45"
"6806","45"
"6754","45"
"6709","45"
"6662","45"
"6615","45"
"6564","45"
"6513","45"
"6473","45"
"6432","45"
"6389","45"
"6342","45"
"6292","45"
"6247","45"
"6198","45"
"6159","45"
"6108","45"
"6069","45"
"6033","45"
"5991","45"
"5956","45"
"5927","44"
"5880","44"
"5843","43"
"5806","43"
"5767","43"
"5728","42"
"5688","42"
"5658","41"
"5619","41"
"5583","41"
"5541","40"
"5509","40"
"5470","39"
"5435","38"
"5397","38"
"5368","38"
"5332","37"
"5298","37"
"5266","37"
"5235","36"
"5203","35"
"5169","35"
"5140","35"
"5109","35"
"5079","35"
"5043","35"
"5010","35"
"4976","35"
"4950","35"
"4918","35"
"4884","35"
"4856","35"
"4825","35"
"4796","35"
"4763","35"
"4729","35"
"4694","35"
"4658","35"
"4627","35"
"4600","35"
"4567","35"
"4534","34"
"4502","34"
"4473","34"
"4442","34"
"4421","34"
"4414","34"
"4390","33"
"4382","33"
"4372","32"
"4376","32"
"4382","32"
"4377","31"
"4365","31"
"4359","30"
"4348","30"
"4337","30"
"4345","30"
"4343","30"
"4324","30"
"4324","29"
"4305","29"
"4313","29"
"4306","29"
"4296","29"
"4292","29"
"4298","29"
"4292","28"
"4299","28"
"4304","28"
"4292","28"
"4279","27"
"4274","26"
"4262","26"
"4253","26"
"4266","26"
"4254","26"
"4258","26"
"4246","26"
"4241","26"
"4254","26"
"4237","26"
"4228","25"
"4234","24"
"4234","24"
"4230","24"
"4207","24"
"4196","24"
"4187","24"
"4177","24"
"4153","24"
"4150","24"
"4147","23"
"4144","23"
"4135","23"
"4133","23"
"4131","23"
"4120","23"
"4141","23"
"4143","23"
"4146","23"
"4137","23"
"4146","22"
"4146","22"
"4139","22"
"4152","22"
"4152","22"
"4130","22"
"4113","22"
"4112","22"
"4111","22"
"4116","22"
"4113","22"
"4097","22"
"4101","21"
"4092","21"
"4095","21"
"4076","20"
"4078","20"
"4077","19"
"4065","19"
"4052","19"
"4041","19"
"4053","19"
"4036","19"
"4046","19"
"4060","19"
"4046","19"
"4038","19"
"4032","19"
"4034","19"
"4032","19"
"4036","19"
"4026","17"
"4011","17"
"4010","17"
"4012","17"
"3998","17"
"3995","17"
"3996","17"
"3994","17"
"3987","17"
"4001","17"
"4004","17"
"3994","17"
"3991","17"
"3994","17"
"3978","16"
"3984","16"
"3977","16"
"3969","16"
"3956","16"
"3942","16"
"3926","16"
"3904","16"
"3885","16"
"3866","15"
"3852","14"
"3836","14"
"3817","14"
"3802","14"
"3787","14"
"3769","14"
"3750","14"
"3736","14"
"3717","14"
"3701","14"
"3684","14"
"3669","14"
"3656","14"
"3634","14"
"3615","14"
"3599","14"
"3582","14"
"3560","14"
"3543","13"
"3533","13"
"3514","13"
"3495","13"
"3481","12"
"3467","12"
"3454","12"
"3446","12"
"3433","11"
"3414","11"
"3401","11"
"3391","11"
"3379","11"
"3362","11"
"3348","11"
"3338","11"
"3328","11"
"3315","11"
"3304","11"
"3289","11"
"3280","11"
"3270","11"
"3261","11"
"3253","11"
"3247","10"
"3238","10"
"3224","9"
"3215","9"
"3204","9"
"3195","9"
"3189","9"
"3178","9"
"3167","9"
"3156","9"
"3148","9"
"3139","9"
"3131","9"
"3118","9"
"3108","9"
"3099","9"
"3090","9"
"3084","8"
"3074","7"
"3064","7"
"3051","7"
"3038","7"
"3028","7"
"3022","7"
"3016","6"
"3010","6"
"3000","6"
"2993","6"
"2995","6"
"2985","6"
"2979","6"
"2980","6"
"2979","5"
"2984","5"
"2993","5"
"3014","5"
"3020","5"
"3030","4"
"3028","4"
"3026","4"
"3036","4"
"3063","4"
"3060","4"
"3082","4"
"3121","4"
"3147","4"
"3177","4"
"3191","4"
"3201","4"
"3230","4"
"3233","4"
"3251","4"
"3267","4"
"3279","4"
"3294","4"
"3310","4"
"3335","4"
"3357","4"
"3379","4"
"3402","4"
"3427","4"
"3461","4"
"3473","4"
"3487","4"
"3506","4"
"3542","4"
"3571","4"
"3620","4"
"3640","4"
"3666","4"
"3685","4"
"3714","4"
"3729","4"
"3740","4"
"3786","4"
"3798","6"
"3818","6"
"3855","6"
"3906","6"
"3917","6"
"3949","6"
"3987","9"
"4010","9"
"4034","9"
"4071","9"
"4086","9"
"4128","9"
"4136","9"
"4165","9"
"4186","9"
"4223","9"
"4259","9"
"4282","8"
"4293","8"
"4325","8"
"4347","8"
"4374","8"
"4389","8"
"4420","8"
"4456","8"
"4467","8"
"4495","8"
"4518","8"
"4533","8"
"4555","8"
"4592","8"
"4606","8"
"4643","8"
"4689","8"
"4696","8"
"4737","8"
"4774","8"
"4821","8"
"4860","8"
"4905","8"
"4935","8"
"4965","8"
"4981","8"
"4993","8"
"5011","8"
"5051","7"
"5095","7"
"5128","7"
"5157","7"
"5210","7"
"5244","7"
"5266","7"
"5304","7"
"5344","7"
"5382","7"
"5401","7"
"5411","7"
"5444","7"
"5444","7"
"5435","7"
"5423","7"
"5411","7"
"5400","7"
"5386","7"
"5374","7"
"5360","7"
"5348","7"
"5339","6"
"5329","6"
"5321","6"
"5306","6"
"5291","6"
"5279","6"
"5270","6"
"5262","6"
"5246","6"
"5228","6"
"5213","6"
"5204","6"
"5187","6"
"5179","6"
"5174","6"
"5162","6"
"5152","6"
"5139","6"
"5129","6"
"5121","6"
"5108","6"
"5097","6"
"5085","6"
"5077","6"
"5066","6"
"5053","6"
"5039","6"
"5024","6"
"5013","6"
"5001","6"
"4991","6"
"4980","6"
"4967","6"
"4960","6"
"4949","6"
"4937","6"
"4928","6"
"4919","6"
"4910","6"
"4896","6"
"4886","5"
"4870","5"
"4863","5"
"4856","5"
"4846","5"
"4837","5"
"4825","5"
"4814","5"
"4802","5"
"4792","5"
"4781","5"
"4774","5"
"4761","5"
"4752","5"
"4744","5"
"4736","5"
"4726","5"
"4722","5"
"4712","5"
"4701","5"
"4695","5"
"4686","5"
"4675","5"
"4666","5"
"4658","5"
"4649","5"
"4640","5"
"4630","5"
"4625","5"
"4623","5"
"4643","5"
"4632","5"
"4657","5"
"4692","5"
"4727","5"
"4749","5"
"4791","5"
"4826","5"
"4838","5"
"4884","5"
"4915","5"
"4945","5"
"4994","5"
"5043","5"
"5088","5"
"5127","5"
"5162","5"
"5177","5"
"5207","5"
"5251","5"
"5294","5"
"5324","5"
"5342","5"
"5387","5"
"5442","5"
"5487","5"
"5528","5"
"5566","5"
"5587","5"
"5631","5"
"5679","5"
"5738","5"
"5765","5"
"5794","5"
"5855","5"
"5889","5"
"5933","5"
"5984","5"
"5999","5"
"6041","5"
"6068","5"
"6130","5"
"6173","5"
"6200","5"
"6241","5"
"6305","5"
"6340","5"
"6389","5"
"6400","5"
"6453","5"
"6477","5"
"6500","5"
"6537","5"
"6562","5"
"6582","5"
"6635","5"
"6696","5"
"6729","5"
"6760","5"
"6795","5"
"6817","5"
"6868","5"
"6886","5"
"6937","5"
"6979","5"
"7024","5"
"7063","5"
"7092","5"
"7108","5"
"7115","5"
"7180","5"
"7186","5"
"7227","5"
"7263","5"
"7279","5"
"7334","5"
"7396","5"
"7441","5"
"7493","5"
"7509","5"
"7538","5"
"7589","5"
"7635","5"
"7670","5"
"7714","5"
"7759","5"
"7799","5"
"7833","5"
"7856","5"
"7911","5"
"7934","5"
"7949","5"
"7974","5"
"8021","5"
"8061","5"
"8081","5"
"8116","5"
"8172","5"
"8181","5"
"8208","5"
"8239","5"
"8240","5"
"8243","5"
"8225","5"
"8218","5"
"8197","5"
"8179","5"
"8163","5"
"8139","5"
"8123","5"
"8107","5"
"8091","5"
"8078","5"
"8066","5"
"8049","5"
"8033","5"
"8018","5"
"8002","5"
"7988","5"
"7968","5"
"7954","5"
"7934","5"
"7917","5"
"7900","5"
"7880","5"
"7864","5"
"7853","5"
"7834","5"
"7824","5"
"7816","5"
"7801","5"
"7785","5"
"7770","5"
"7752","5"
"7741","5"
"7727","5"
"7714","5"
"7700","5"
"7684","5"
"7673","5"
"7663","5"
"7647","5"
"7631","4"
"7620","4"
"7606","4"
"7590","4"
"7577","4"
"7567","4"
"7553","4"
"7540","4"
"7523","4"
"7512","4"
"7500","4"
"7485","4"
"7476","4"
"7460","4"
"7449","4"
"7430","4"
"7418","4"
"7396","4"
"7380","4"
"7368","4"
"7354","4"
"7345","4"
"7329","4"
"7313","4"
"7296","4"
"7278","4"
"7269","4"
"7255","4"
"7238","4"
"7223","4"
"7214","4"
"7201","4"
"7186","4"
"7172","4"
"7154","4"
"7148","4"
"7133","4"
"7122","4"
"7112","4"
"7107","4"
"7118","4"
"7121","4"
"7137","4"
"7165","4"
"7195","4"
"7217","4"
"7247","4"
"7279","4"
"7303","4"
"7329","4"
"7378","4"
"7408","4"
"7446","4"
"7472","4"
"7512","4"
"7522","4"
"7561","4"
"7615","4"
"7656","4"
"7697","4"
"7733","3"
"7771","3"
"7815","3"
"7830","3"
"7855","3"
"7914","3"
"7937","3"
"7952","3"
"7975","3"
"8012","3"
"8055","3"
"8103","3"
"8142","3"
"8200","3"
"8235","3"
"8273","3"
"8307","3"
"8326","3"
"8365","3"
"8397","3"
"8445","3"
"8457","3"
"8497","3"
"8532","3"
"8565","3"
"8590","3"
"8596","3"
"8633","3"
"8661","3"
"8711","3"
"8727","3"
"8783","3"
"8835","3"
"8859","3"
"8888","3"
"8924","3"
"8977","3"
"9046","3"
"9059","3"
"9099","3"
"9150","3"
"9181","3"
"9230","3"
"9275","3"
"9274","3"
"9325","3"
"9357","3"
"9432","3"
"9447","3"
"9490","3"
"9524","3"
"9578","3"
"9641","3"
"9709","3"
"9783","3"
"9813","3"
"9856","3"
"9931","3"
"9949","3"
"9996","3"
"10052","3"
"10103","3"
"10145","3"
"10185","3"
"10205","3"
"10241","3"
"10307","3"
"10371","3"
"10429","3"
"10472","3"
"10508","3"
"10572","3"
"10641","3"
"10691","3"
"10764","3"
"10814","3"
"10890","3"
"10949","3"
"11000","3"
"11030","3"
"11062","3"
"11064","3"
"11070","3"
"11055","3"
"11036","3"
"11011","3"
"10994","3"
"10968","3"
"10950","3"
"10929","3"
"10912","3"
"10889","3"
"10863","3"
"10847","3"
"10826","3"
"10811","3"
"10791","3"
"10771","3"
"10747","3"
"10724","3"
"10705","3"
"10683","3"
"10668","3"
"10646","3"
"10620","3"
"10595","3"
"10581","3"
"10564","3"
"10547","3"
"10530","3"
"10509","3"
"10490","3"
"10473","3"
"10449","3"
"10426","3"
"10418","3"
"10393","3"
"10369","3"
"10349","3"
"10323","3"
"10305","3"
"10287","3"
"10274","3"
"10248","3"
"10227","3"
"10200","3"
"10178","3"
"10164","3"
"10141","3"
"10124","3"
"10107","3"
"10089","3"
"10069","3"
"10055","3"
"10043","3"
"10030","3"
"10013","3"
"9989","3"
"9969","3"
"9956","3"
"9941","3"
"9918","3"
"9900","3"
"9880","3"
"9864","3"
"9845","3"
"9823","3"
"9801","3"
"9784","3"
"9764","3"
"9751","3"
"9734","3"
"9720","3"
"9701","3"
"9687","3"
"9673","3"
"9658","3"
"9638","3"
"9624","3"
"9605","3"
"9604","3"
"9598","3"
"9619","3"
"9631","3"
"9669","3"
"9708","3"
"9741","3"
"9815","3"
"9873","3"
"9928","3"
"9979","3"
"10032","3"
"10089","3"
"10162","3"
"10198","3"
"10269","3"
"10317","3"
"10357","3"
"10389","3"
"10448","3"
"10519","3"
"10591","3"
"10661","3"
"10741","3"
"10777","3"
"10837","3"
"10909","3"
"10988","3"
"11014","3"
"11090","3"
"11139","3"
"11182","3"
"11249","3"
"11296","3"
"11394","3"
"11484","3"
"11547","3"
"11628","3"
"11729","3"
"11801","3"
"11910","3"
"11962","3"
"12030","3"
"12080","3"
"12151","3"
"12225","3"
"12339","3"
"12391","3"
"12431","3"
"12540","3"
"12578","3"
"12676","3"
"12745","3"
"12847","3"
"12888","3"
"12963","3"
"13049","3"
"13105","3"
"13183","3"
"13231","3"
"13300","3"
"13365","3"
"13425","3"
"13515","3"
"13577","3"
"13646","3"
"13732","3"
"13819","3"
"13873","3"
"13932","3"
"14011","3"
"14081","3"
"14152","3"
"14185","3"
"14290","3"
"14381","3"
"14497","3"
"14589","3"
"14688","3"
"14767","3"
"14859","3"
"14931","3"
"15001","3"
"15113","3"
"15178","3"
"15283","3"
"15403","3"
"15474","3"
"15523","3"
"15590","3"
"15674","3"
"15780","3"
"15828","3"
"15920","3"
"15990","3"
"16104","3"
"16185","3"
"16215","3"
"16278","3"
"16326","3"
"16368","3"
"16389","3"
"16428","3"
"16458","3"
"16463","3"
"16434","3"
"16389","3"
"16353","3"
"16317","3"
"16289","3"
"16261","3"
"16237","3"
"16206","3"
"16174","3"
"16146","3"
"16106","3"
"16062","3"
"16028","3"
"16004","3"
"15971","3"
"15951","3"
"15922","3"
"15889","3"
"15851","3"
"15829","3"
"15801","3"
"15774","3"
"15751","3"
"15722","3"
"15701","3"
"15678","3"
"15645","3"
"15615","3"
"15588","3"
"15549","3"
"15514","3"
"15487","3"
"15464","3"
"15434","3"
"15406","3"
"15381","3"
"15350","3"
"15329","3"
"15294","3"
"15269","3"
"15250","3"
"15225","3"
"15191","3"
"15168","3"
"15139","3"
"15104","3"
"15074","3"
"15043","3"
"15005","3"
"14987","3"
"14962","3"
"14938","3"
"14907","3"
"14877","3"
"14856","3"
"14824","3"
"14801","3"
"14777","3"
"14749","3"
"14725","3"
"14697","3"
"14669","3"
"14639","3"
"14622","3"
"14598","3"
"14579","3"
"14561","3"
"14545","3"
"14515","3"
"14497","3"
"14479","3"
"14449","3"
"14423","3"
"14400","3"
"14378","3"
"14353","3"
"14325","3"
"14312","3"
"14309","3"
"14310","3"
"14329","3"
"14414","3"
"14506","3"
"14607","3"
"14676","3"
"14739","3"
"14858","3"
"14946","3"
"15014","3"
"15101","3"
"15190","3"
"15227","3"
"15311","3"
"15368","3"
"15476","3"
"15568","3"
"15658","3"
"15722","3"
"15802","3"
"15868","3"
"15919","3"
"15989","3"
"16089","3"
"16186","3"
"16275","3"
"16386","3"
"16462","3"
"16541","3"
"16583","3"
"16657","3"
"16702","3"
"16802","3"
"16870","3"
"16907","3"
"16990","3"
"17109","3"
"17202","3"
"17272","3"
"17318","3"
"17378","3"
"17464","3"
"17541","3"
"17569","3"
"17636","3"
"17714","3"
"17775","3"
"17846","3"
"17878","3"
"17948","3"
"18048","3"
"18137","3"
"18222","3"
"18258","3"
"18333","3"
"18398","3"
"18433","3"
"18472","3"
"18553","5"
"18613","5"
"18650","5"
"18710","5"
"18797","5"
"18870","5"
"18939","5"
"18991","5"
"19062","5"
"19120","5"
"19197","5"
"19245","5"
"19347","5"
"19447","5"
"19521","5"
"19580","5"
"19638","5"
"19725","5"
"19800","5"
"19844","5"
"19883","5"
"19934","5"
"19981","5"
"20019","5"
"20054","5"
"20093","5"
"20162","5"
"20206","5"
"20255","5"
"20336","5"
"20368","5"
"20454","5"
"20493","5"
"20556","5"
"20611","5"
"20622","5"
"20703","5"
"20714","5"
"20778","5"
"20839","5"
"20881","5"
"20884","5"
"20892","5"
"20857","5"
"20797","5"
"20742","5"
"20660","5"
"20590","5"
"20509","5"
"20445","5"
"20384","5"
"20325","5"
"20259","5"
"20180","5"
"20118","5"
"20068","5"
"20006","5"
"19945","5"
"19893","5"
"19843","5"
"19799","5"
"19752","5"
"19686","5"
"19629","5"
"19567","5"
"19506","5"
"19467","5"
"19419","5"
"19357","5"
"19307","5"
"19264","5"
"19211","5"
"19170","5"
"19123","5"
"19070","5"
"19027","5"
"18989","5"
"18949","5"
"18901","5"
"18851","5"
"18804","5"
"18761","5"
"18714","5"
"18689","5"
"18648","5"
"18606","5"
"18567","5"
"18527","5"
"18489","5"
"18440","5"
"18394","5"
"18345","5"
"18298","5"
"18246","5"
"18209","5"
"18171","5"
"18136","5"
"18090","5"
"18060","5"
"18019","5"
"17981","5"
"17939","5"
"17901","5"
"17868","5"
"17839","5"
"17811","5"
"17768","5"
"17729","5"
"17697","5"
"17659","5"
"17620","5"
"17586","5"
"17554","5"
"17514","5"
"17477","5"
"17433","5"
"17402","5"
"17371","5"
"17338","5"
"17298","5"
"17252","5"
"17222","5"
"17211","5"
"17215","5"
"17202","5"
"17240","5"
"17302","5"
"17369","5"
"17445","5"
"17550","5"
"17650","5"
"17740","5"
"17815","5"
"17913","5"
"17986","5"
"18072","5"
"18186","5"
"18271","5"
"18374","5"
"18477","5"
"18543","5"
"18617","5"
"18672","5"
"18723","5"
"18813","5"
"18888","5"
"18965","5"
"19010","5"
"19104","5"
"19144","5"
"19220","5"
"19324","5"
"19404","5"
"19487","5"
"19546","5"
"19606","5"
"19672","5"
"19754","5"
"19796","5"
"19903","5"
"19962","5"
"20071","5"
"20120","5"
"20181","5"
"20238","5"
"20295","5"
"20353","5"
"20380","5"
"20469","5"
"20546","5"
"20621","5"
"20660","5"
"20784","5"
"20857","5"
"20868","5"
"20923","5"
"20932","5"
"21016","5"
"21053","5"
"21098","5"
"21165","5"
"21214","5"
"21216","5"
"21291","5"
"21360","5"
"21466","5"
"21519","5"
"21624","5"
"21684","5"
"21732","5"
"21773","5"
"21786","5"
"21839","5"
"21888","5"
"21915","5"
"21972","5"
"21989","5"
"22004","5"
"22019","5"
"22012","5"
"22042","5"
"22098","5"
"22110","5"
"22138","5"
"22174","5"
"22193","5"
"22240","5"
"22261","5"
"22275","5"
"22342","5"
"22400","5"
"22414","5"
"22460","5"
"22468","5"
"22574","5"
"22564","5"
"22617","5"
"22608","5"
"22656","5"
"22703","5"
"22734","5"
"22759","5"
"22748","5"
"22779","5"
"22726","5"
"22687","5"
"22586","5"
"22492","5"
"22386","5"
"22291","5"
"22201","5"
"22101","5"
"22006","5"
"21928","5"
"21838","5"
"21758","5"
"21677","5"
"21583","5"
"21483","5"
"21410","5"
"21326","5"
"21244","5"
"21167","5"
"21097","5"
"21017","5"
"20935","5"
"20877","5"
"20802","5"
"20758","5"
"20704","5"
"20637","5"
"20566","5"
"20508","5"
"20462","5"
"20406","5"
"20350","5"
"20295","5"
"20236","5"
"20193","5"
"20139","5"
"20088","5"
"20030","5"
"19980","5"
"19936","5"
"19882","5"
"19818","5"
"19769","5"
"19712","5"
"19665","5"
"19621","5"
"19568","5"
"19520","5"
"19467","5"
"19405","5"
"19345","5"
"19297","5"
"19245","5"
"19197","5"
"19153","5"
"19103","5"
"19056","5"
"19005","5"
"18958","5"
"18899","5"
"18848","5"
"18804","5"
"18765","5"
"18716","5"
"18678","5"
"18646","5"
"18608","5"
"18564","5"
"18526","5"
"18490","5"
"18446","5"
"18407","5"
"18366","5"
"18321","5"
"18281","5"
"18243","5"
"18218","5"
"18168","5"
"18131","5"
"18091","5"
"18093","5"
"18101","5"
"18106","5"
"18155","5"
"18217","5"
"18304","5"
"18396","5"
"18488","5"
"18549","5"
"18618","5"
"18717","5"
"18799","8"
"18850","8"
"18943","8"
"19037","8"
"19079","8"
"19137","8"
"19243","8"
"19326","8"
"19398","8"
"19469","8"
"19520","8"
"19608","8"
"19693","8"
"19802","8"
"19849","8"
"19930","8"
"20012","8"
"20069","8"
"20119","8"
"20195","8"
"20319","8"
"20356","8"
"20419","8"
"20500","8"
"20553","8"
"20599","8"
"20676","8"
"20706","8"
"20804","8"
"20861","8"
"20955","8"
"20986","8"
"20999","8"
"21044","8"
"21081","8"
"21144","8"
"21204","8"
"21279","8"
"21331","8"
"21365","8"
"21467","8"
"21502","8"
"21495","8"
"21539","8"
"21565","8"
"21608","8"
"21673","8"
"21716","8"
"21777","8"
"21828","8"
"21845","8"
"21899","8"
"21934","8"
"21933","8"
"22005","8"
"22039","8"
"22077","8"
"22108","8"
"22146","8"
"22168","8"
"22164","8"
"22213","8"
"22260","8"
"22295","8"
"22314","8"
"22332","8"
"22357","8"
"22351","8"
"22389","8"
"22396","8"
"22397","8"
"22394","8"
"22438","8"
"22469","8"
"22492","8"
"22515","8"
"22568","8"
"22570","8"
"22575","8"
"22582","8"
"22599","8"
"22639","8"
"22669","8"
"22681","8"
"22728","8"
"22710","8"
"22709","8"
"22719","8"
"22738","8"
"22749","8"
"22699","8"
"22644","8"
"22584","8"
"22510","8"
"22408","8"
"22296","8"
"22194","8"
"22094","8"
"22003","8"
"21925","8"
"21829","8"
"21734","8"
"21645","8"
"21552","8"
"21479","8"
"21410","8"
"21321","8"
"21245","8"
"21139","8"
"21058","8"
"20995","8"
"20927","8"
"20856","8"
"20792","8"
"20728","8"
"20668","8"
"20595","8"
"20515","8"
"20457","8"
"20401","8"
"20347","8"
"20283","8"
"20217","8"
"20141","8"
"20091","8"
"20035","8"
"19975","8"
"19909","8"
"19859","8"
"19789","8"
"19730","8"
"19664","8"
"19613","8"
"19563","8"
"19512","8"
"19461","8"
"19418","8"
"19367","8"
"19313","8"
"19276","8"
"19224","8"
"19165","8"
"19116","8"
"19066","8"
"19015","8"
"18963","8"
"18914","8"
"18867","8"
"18813","8"
"18771","8"
"18729","8"
"18680","8"
"18634","8"
"18591","8"
"18549","8"
"18492","8"
"18451","8"
"18414","8"
"18363","8"
"18313","8"
"18263","8"
"18222","8"
"18178","8"
"18136","8"
"18090","8"
"18048","8"
"18013","8"
"17976","8"
"17942","8"
"17901","8"
"17873","8"
"17838","8"
"17855","8"
"17860","8"
"17881","8"
"17943","8"
"17995","8"
"18103","8"
"18170","8"
"18230","8"
"18300","8"
"18393","8"
"18536","8"
"18638","8"
"18696","8"
"18781","8"
"18872","8"
"18974","8"
"19038","8"
"19120","8"
"19187","8"
"19247","8"
"19328","8"
"19385","8"
"19429","8"
"19533","8"
"19575","8"
"19623","8"
"19685","8"
"19750","8"
"19786","8"
"19810","8"
"19896","8"
"19963","8"
"20020","8"
"20061","8"
"20113","8"
"20159","8"
"20200","8"
"20274","8"
"20360","8"
"20385","8"
"20399","8"
"20458","8"
"20512","8"
"20567","8"
"20647","8"
"20675","8"
"20732","8"
"20762","8"
"20792","8"
"20876","8"
"20902","8"
"20947","8"
"21006","8"
"21026","8"
"21083","8"
"21120","8"
"21180","8"
"21217","8"
"21250","8"
"21317","8"
"21339","8"
"21384","8"
"21445","8"
"21500","8"
"21532","8"
"21580","8"
"21631","8"
"21682","8"
"21746","8"
"21804","8"
"21816","8"
"21834","8"
"21860","8"
"21886","8"
"21934","8"
"21971","8"
"22017","8"
"22040","8"
"22088","8"
"22123","8"
"22184","8"
"22246","8"
"22237","8"
"22203","8"
"22187","8"
"22195","8"
"22221","8"
"22203","8"
"22212","8"
"22245","8"
"22271","8"
"22260","8"
"22284","8"
"22300","8"
"22355","8"
"22373","8"
"22433","8"
"22432","8"
"22466","8"
"22460","8"
"22456","8"
"22431","8"
"22388","8"
"22336","8"
"22258","8"
"22133","8"
"22011","8"
"21915","8"
"21836","8"
"21744","8"
"21655","8"
"21560","8"
"21465","8"
"21393","8"
"21318","8"
"21226","8"
"21153","8"
"21087","8"
"21014","8"
"20942","8"
"20858","8"
"20789","8"
"20724","8"
"20667","8"
"20600","8"
"20540","8"
"20469","8"
"20413","8"
"20341","8"
"20267","8"
"20209","8"
"20160","8"
"20087","8"
"20041","8"
"19974","8"
"19921","8"
"19862","8"
"19794","8"
"19732","8"
"19669","8"
"19606","8"
"19548","8"
"19502","8"
"19443","8"
"19389","8"
"19333","8"
"19267","8"
"19211","8"
"19154","8"
"19101","8"
"19048","8"
"19001","8"
"18942","8"
"18887","8"
"18831","8"
"18775","8"
"18719","8"
"18671","8"
"18631","8"
"18591","8"
"18548","8"
"18499","8"
"18454","8"
"18398","8"
"18355","8"
"18306","8"
"18264","8"
"18224","8"
"18180","8"
"18144","8"
"18101","8"
"18055","8"
"18019","8"
"17984","8"
"17941","8"
"17906","8"
"17872","8"
"17840","8"
"17793","8"
"17746","8"
"17704","8"
"17678","8"
"17690","8"
"17678","8"
"17689","8"
"17725","8"
"17774","8"
"17864","8"
"17950","8"
"17994","8"
"18059","8"
"18140","8"
"18231","8"
"18342","8"
"18434","8"
"18510","8"
"18585","8"
"18665","8"
"18691","8"
"18774","8"
"18840","8"
"18897","10"
"18962","10"
"19031","10"
"19143","10"
"19161","10"
"19219","10"
"19268","10"
"19350","10"
"19406","13"
"19473","13"
"19546","13"
"19577","16"
"19631","16"
"19658","16"
"19729","16"
"19790","16"
"19816","16"
"19855","16"
"19889","16"
"19975","16"
"20054","16"
"20122","19"
"20202","19"
"20256","19"
"20356","19"
"20391","19"
"20458","19"
"20487","19"
"20541","19"
"20589","19"
"20639","19"
"20668","19"
"20710","19"
"20721","19"
"20758","19"
"20800","19"
"20839","19"
"20925","19"
"20925","19"
"20981","19"
"21011","19"
"21013","21"
"21032","21"
"21109","21"
"21125","21"
"21170","21"
"21204","21"
"21261","21"
"21242","21"
"21216","21"
"21227","21"
"21251","21"
"21246","21"
"21257","21"
"21269","21"
"21277","21"
"21294","21"
"21310","21"
"21336","21"
"21366","21"
"21353","21"
"21382","21"
"21435","21"
"21448","21"
"21499","21"
"21574","21"
"21588","21"
"21599","21"
"21602","21"
"21606","21"
"21654","21"
"21681","21"
"21705","21"
"21738","21"
"21703","21"
"21748","21"
"21757","21"
"21753","21"
"21770","21"
"21805","21"
"21775","21"
"21745","21"
"21700","21"
"21656","21"
"21581","21"
"21471","21"
"21361","21"
"21235","21"
"21121","21"
"21009","21"
"20919","21"
"20817","21"
"20725","21"
"20635","21"
"20538","21"
"20430","21"
"20345","21"
"20251","21"
"20172","21"
"20088","21"
"20012","21"
"19927","21"
"19852","21"
"19770","21"
"19706","21"
"19632","21"
"19568","21"
"19489","21"
"19415","21"
"19353","21"
"19292","21"
"19221","21"
"19148","21"
"19083","21"
"19017","21"
"18957","21"
"18891","21"
"18829","21"
"18765","21"
"18715","21"
"18652","21"
"18588","21"
"18526","21"
"18455","21"
"18392","21"
"18340","21"
"18290","21"
"18225","21"
"18175","21"
"18109","21"
"18055","21"
"17992","21"
"17937","21"
"17883","21"
"17821","20"
"17757","20"
"17707","20"
"17663","20"
"17618","20"
"17560","20"
"17506","20"
"17447","20"
"17394","20"
"17341","20"
"17287","20"
"17234","20"
"17170","20"
"17122","20"
"17071","20"
"17015","20"
"16964","20"
"16916","20"
"16867","20"
"16801","20"
"16749","20"
"16704","20"
"16667","20"
"16614","20"
"16561","20"
"16520","20"
"16478","20"
"16430","20"
"16404","20"
"16384","20"
"16365","20"
"16379","20"
"16413","20"
"16506","20"
"16567","20"
"16598","20"
"16705","20"
"16754","20"
"16806","20"
"16862","20"
"16916","20"
"16957","20"
"17022","20"
"17071","20"
"17121","20"
"17196","20"
"17239","20"
"17303","20"
"17395","20"
"17426","20"
"17477","20"
"17524","20"
"17599","20"
"17662","19"
"17741","19"
"17780","19"
"17837","19"
"17911","19"
"17941","19"
"18012","19"
"18093","19"
"18141","19"
"18203","19"
"18273","19"
"18328","19"
"18374","19"
"18409","19"
"18495","19"
"18543","19"
"18555","19"
"18606","19"
"18611","19"
"18665","19"
"18789","18"
"18810","18"
"18834","18"
"18856","18"
"18896","18"
"18941","18"
"18986","18"
"19015","18"
"19055","18"
"19093","18"
"19124","18"
"19174","18"
"19190","18"
"19209","18"
"19225","18"
"19286","18"
"19322","18"
"19319","18"
"19359","18"
"19370","18"
"19416","18"
"19455","17"
"19499","17"
"19516","17"
"19561","17"
"19582","17"
"19601","17"
"19627","17"
"19628","17"
"19659","17"
"19678","17"
"19718","17"
"19765","17"
"19766","17"
"19801","17"
"19863","17"
"19918","17"
"19981","17"
"20036","17"
"20036","17"
"20021","17"
"20004","17"
"20036","17"
"20006","17"
"20028","17"
"20064","17"
"20074","17"
"20100","17"
"20154","17"
"20161","17"
"20184","17"
"20172","17"
"20184","17"
"20228","17"
"20222","17"
"20217","17"
"20181","17"
"20174","17"
"20133","17"
"20086","17"
"20007","17"
"19902","17"
"19825","17"
"19731","17"
"19647","17"
"19558","17"
"19467","17"
"19388","17"
"19299","17"
"19223","17"
"19142","17"
"19057","17"
"18985","17"
"18917","17"
"18855","17"
"18787","17"
"18720","17"
"18654","17"
"18581","17"
"18504","17"
"18442","17"
"18386","17"
"18327","17"
"18262","17"
"18190","17"
"18121","17"
"18064","17"
"17993","17"
"17934","17"
"17866","17"
"17806","17"
"17749","17"
"17688","17"
"17631","17"
"17578","17"
"17520","17"
"17469","17"
"17420","17"
"17375","17"
"17327","17"
"17274","17"
"17220","17"
"17160","17"
"17108","17"
"17055","17"
"17014","17"
"16961","17"
"16908","17"
"16859","17"
"16812","17"
"16760","17"
"16707","17"
"16663","17"
"16607","17"
"16557","17"
"16510","17"
"16456","17"
"16411","17"
"16368","17"
"16309","17"
"16271","17"
"16217","17"
"16175","17"
"16132","17"
"16084","17"
"16046","17"
"15991","17"
"15949","17"
"15906","17"
"15862","17"
"15818","17"
"15762","17"
"15724","17"
"15681","17"
"15645","17"
"15590","17"
"15547","17"
"15503","17"
"15490","17"
"15492","17"
"15518","17"
"15559","17"
"15636","17"
"15670","17"
"15743","17"
"15836","17"
"15905","17"
"15960","17"
"16032","17"
"16060","17"
"16115","17"
"16187","17"
"16226","17"
"16289","17"
"16353","17"
"16397","17"
"16411","16"
"16454","16"
"16520","16"
"16609","16"
"16690","16"
"16777","16"
"16836","16"
"16876","16"
"16948","16"
"17035","16"
"17091","16"
"17150","16"
"17218","16"
"17271","16"
"17325","18"
"17364","18"
"17396","18"
"17427","18"
"17473","18"
"17481","18"
"17515","18"
"17528","18"
"17563","18"
"17623","18"
"17691","18"
"17769","21"
"17812","21"
"17898","21"
"17949","21"
"17989","21"
"18028","21"
"18076","21"
"18107","21"
"18155","21"
"18195","21"
"18203","21"
"18252","21"
"18249","21"
"18272","21"
"18294","21"
"18322","21"
"18368","21"
"18435","21"
"18515","21"
"18523","24"
"18573","24"
"18606","24"
"18659","24"
"18694","24"
"18722","24"
"18754","24"
"18802","24"
"18804","24"
"18850","24"
"18855","24"
"18863","24"
"18879","24"
"18867","24"
"18866","24"
"18881","24"
"18903","24"
"18958","24"
"19016","24"
"19041","24"
"19049","24"
"19044","24"
"19043","24"
"19042","24"
"19063","24"
"19088","24"
"19154","24"
"19189","24"
"19247","24"
"19247","24"
"19290","24"
"19305","24"
"19303","24"
"19317","24"
"19304","24"
"19321","24"
"19398","24"
"19404","24"
"19393","24"
"19368","24"
"19324","24"
"19257","24"
"19200","24"
"19117","24"
"19026","24"
"18939","24"
"18852","24"
"18757","24"
"18658","24"
"18576","24"
"18502","24"
"18413","24"
"18332","24"
"18264","24"
"18177","24"
"18112","24"
"18041","24"
"17972","24"
"17892","24"
"17825","24"
"17752","24"
"17684","24"
"17619","24"
"17553","24"
"17489","24"
"17425","24"
"17350","24"
"17277","24"
"17208","24"
"17138","24"
"17076","24"
"17009","24"
"16944","24"
"16897","24"
"16838","24"
"16780","24"
"16720","24"
"16664","24"
"16610","24"
"16553","24"
"16495","23"
"16434","23"
"16391","23"
"16345","23"
"16287","23"
"16236","23"
"16166","23"
"16107","23"
"16059","23"
"16003","23"
"15940","23"
"15890","23"
"15838","23"
"15784","23"
"15726","23"
"15663","23"
"15624","23"
"15570","23"
"15521","23"
"15480","23"
"15427","23"
"15366","23"
"15313","23"
"15258","23"
"15212","23"
"15160","23"
"15115","23"
"15065","23"
"15013","23"
"14973","23"
"14916","23"
"14866","23"
"14803","23"
"14758","23"
"14701","23"
"14656","23"
"14603","23"
"14553","23"
"14509","23"
"14480","23"
"14455","23"
"14434","23"
"14432","23"
"14436","23"
"14475","23"
"14553","23"
"14600","23"
"14670","23"
"14667","23"
"14747","23"
"14805","23"
"14863","23"
"14925","23"
"14962","23"
"14981","23"
"15044","23"
"15113","23"
"15190","23"
"15223","23"
"15240","23"
"15309","23"
"15347","23"
"15418","23"
"15472","23"
"15522","23"
"15624","23"
"15707","23"
"15770","23"
"15819","23"
"15877","23"
"15946","23"
"15996","23"
"16042","23"
"16055","23"
"16091","23"
"16096","23"
"16163","23"
"16191","23"
"16262","23"
"16299","23"
"16313","23"
"16358","23"
"16374","23"
"16443","23"
"16468","23"
"16533","23"
"16588","23"
"16624","23"
"16676","23"
"16733","23"
"16816","23"
"16886","23"
"16947","23"
"16992","23"
"17036","23"
"17079","23"
"17110","23"
"17134","23"
"17171","23"
"17214","23"
"17230","23"
"17278","23"
"17314","23"
"17360","23"
"17445","23"
"17488","23"
"17528","23"
"17516","23"
"17582","23"
"17618","23"
"17636","23"
"17684","23"
"17736","23"
"17756","23"
"17816","23"
"17876","23"
"17897","23"
"17950","23"
"17982","23"
"17988","23"
"18041","23"
"18107","23"
"18133","23"
"18162","23"
"18197","23"
"18228","23"
"18242","23"
"18259","23"
"18311","23"
"18409","23"
"18469","23"
"18513","23"
"18518","23"
"18528","23"
"18527","23"
"18596","23"
"18629","23"
"18643","23"
"18656","23"
"18655","23"
"18657","23"
"18661","23"
"18640","23"
"18588","23"
"18530","23"
"18442","23"
"18366","23"
"18297","23"
"18210","23"
"18143","23"
"18063","23"
"17998","23"
"17916","23"
"17850","23"
"17776","23"
"17704","23"
"17639","23"
"17572","23"
"17502","23"
"17445","23"
"17382","23"
"17323","23"
"17243","23"
"17180","23"
"17115","23"
"17056","23"
"16998","23"
"16942","23"
"16878","23"
"16813","23"
"16754","23"
"16699","23"
"16644","23"
"16576","23"
"16518","23"
"16472","23"
"16420","23"
"16365","23"
"16311","23"
"16248","23"
"16194","23"
"16136","23"
"16083","23"
"16034","23"
"15983","23"
"15934","23"
"15877","23"
"15824","23"
"15766","23"
"15707","23"
"15652","23"
"15607","23"
"15546","23"
"15491","23"
"15439","23"
"15389","23"
"15343","23"
"15304","23"
"15253","23"
"15201","23"
"15147","23"
"15098","23"
"15050","23"
"15003","22"
"14961","22"
"14914","22"
"14866","22"
"14816","22"
"14771","22"
"14731","22"
"14688","22"
"14647","22"
"14605","22"
"14563","22"
"14517","22"
"14475","22"
"14433","22"
"14388","22"
"14348","22"
"14305","22"
"14261","22"
"14231","22"
"14223","22"
"14205","22"
"14215","22"
"14252","22"
"14275","22"
"14342","22"
"14394","22"
"14447","22"
"14520","22"
"14563","22"
"14616","22"
"14674","22"
"14758","22"
"14827","22"
"14895","22"
"14960","22"
"15017","22"
"15067","22"
"15147","22"
"15232","22"
"15249","22"
"15317","22"
"15389","22"
"15415","25"
"15462","25"
"15524","25"
"15546","28"
"15599","28"
"15654","28"
"15739","28"
"15770","28"
"15871","28"
"15909","28"
"15955","28"
"15991","28"
"16027","28"
"16075","31"
"16111","31"
"16156","31"
"16196","31"
"16218","31"
"16239","33"
"16344","33"
"16383","36"
"16405","36"
"16462","36"
"16494","36"
"16518","36"
"16540","37"
"16580","37"
"16597","37"
"16639","39"
"16659","39"
"16690","39"
"16673","39"
"16700","39"
"16734","40"
"16749","40"
"16783","41"
"16803","41"
"16812","43"
"16848","43"
"16895","43"
"16917","43"
"16965","43"
"16976","43"
"16979","43"
"17019","43"
"17044","43"
"17057","43"
"17085","43"
"17129","43"
"17132","43"
"17158","43"
"17182","43"
"17207","43"
"17234","43"
"17286","43"
"17338","43"
"17323","43"
"17353","43"
"17408","43"
"17430","43"
"17425","43"
"17438","43"
"17435","43"
"17464","43"
"17486","43"
"17521","43"
"17539","43"
"17538","43"
"17607","43"
"17607","43"
"17608","43"
"17629","43"
"17684","43"
"17668","43"
"17691","43"
"17714","43"
"17664","43"
"17628","43"
"17576","43"
"17556","43"
"17512","43"
"17432","43"
"17324","43"
"17221","43"
"17121","43"
"17018","43"
"16945","43"
"16862","43"
"16768","43"
"16687","43"
"16603","43"
"16521","43"
"16436","43"
"16353","43"
"16284","43"
"16190","43"
"16115","43"
"16028","43"
"15953","43"
"15877","43"
"15797","43"
"15728","43"
"15660","43"
"15585","43"
"15519","43"
"15444","43"
"15377","43"
"15303","43"
"15226","43"
"15151","43"
"15088","43"
"15031","43"
"14961","43"
"14891","43"
"14823","43"
"14756","43"
"14687","43"
"14618","43"
"14545","43"
"14473","43"
"14408","42"
"14331","42"
"14265","42"
"14203","42"
"14130","42"
"14058","42"
"13983","42"
"13918","42"
"13851","42"
"13791","42"
"13720","42"
"13654","42"
"13591","42"
"13533","42"
"13471","42"
"13411","42"
"13349","42"
"13285","42"
"13222","42"
"13165","42"
"13088","42"
"13029","42"
"12967","42"
"12907","42"
"12843","42"
"12782","42"
"12715","42"
"12660","42"
"12601","42"
"12531","42"
"12474","42"
"12418","42"
"12352","42"
"12293","42"
"12237","42"
"12187","42"
"12128","42"
"12071","42"
"12027","42"
"11997","42"
"11981","42"
"11977","42"
"11987","42"
"12025","42"
"12060","42"
"12093","42"
"12088","42"
"12112","42"
"12168","42"
"12206","42"
"12237","42"
"12279","42"
"12312","42"
"12344","42"
"12356","42"
"12393","41"
"12397","41"
"12427","41"
"12450","41"
"12495","41"
"12515","41"
"12531","41"
"12566","41"
"12604","41"
"12621","41"
"12636","41"
"12638","41"
"12661","41"
"12663","41"
"12695","41"
"12710","41"
"12728","41"
"12740","41"
"12782","41"
"12768","41"
"12812","41"
"12832","41"
"12864","41"
"12900","41"
"12932","41"
"12963","41"
"12981","41"
"13035","41"
"13071","41"
"13062","41"
"13053","41"
"13092","41"
"13134","41"
"13166","41"
"13213","41"
"13229","41"
"13259","41"
"13282","41"
"13318","41"
"13326","41"
"13346","41"
"13351","41"
"13360","41"
"13373","41"
"13389","41"
"13436","41"
"13432","41"
"13445","41"
"13498","41"
"13535","41"
"13571","41"
"13598","41"
"13603","41"
"13642","41"
"13678","41"
"13690","41"
"13722","41"
"13766","41"
"13814","41"
"13834","41"
"13881","41"
"13913","41"
"13924","41"
"13942","41"
"13979","41"
"14008","41"
"14022","41"
"14043","41"
"14068","41"
"14096","41"
"14148","41"
"14141","41"
"14178","41"
"14183","41"
"14188","41"
"14234","41"
"14262","41"
"14262","41"
"14275","41"
"14290","41"
"14305","41"
"14304","41"
"14311","41"
"14324","41"
"14312","41"
"14310","41"
"14269","41"
"14226","40"
"14173","40"
"14095","40"
"14024","40"
"13954","40"
"13877","40"
"13812","40"
"13742","40"
"13674","40"
"13596","40"
"13524","40"
"13454","40"
"13388","40"
"13322","40"
"13254","40"
"13197","40"
"13127","40"
"13070","40"
"13004","40"
"12946","40"
"12884","40"
"12819","40"
"12749","40"
"12690","40"
"12623","40"
"12568","40"
"12503","40"
"12441","40"
"12375","40"
"12310","40"
"12249","40"
"12192","40"
"12134","40"
"12065","40"
"11999","40"
"11940","40"
"11876","40"
"11822","40"
"11765","40"
"11700","40"
"11645","40"
"11583","40"
"11525","40"
"11469","40"
"11420","40"
"11359","40"
"11307","40"
"11256","40"
"11204","40"
"11146","40"
"11084","40"
"11028","40"
"10959","40"
"10904","40"
"10848","40"
"10796","40"
"10743","40"
"10682","40"
"10629","40"
"10580","40"
"10527","40"
"10476","40"
"10427","40"
"10376","40"
"10318","40"
"10263","40"
"10204","40"
"10153","40"
"10100","40"
"10043","40"
"9989","40"
"9938","40"
"9890","40"
"9843","40"
"9790","40"
"9742","40"
"9690","40"
"9637","40"
"9604","40"
"9571","40"
"9549","40"
"9534","40"
"9519","40"
"9516","40"
"9556","40"
"9628","40"
"9649","40"
"9648","40"
"9634","40"
"9653","40"
"9683","40"
"9694","40"
"9709","40"
"9740","43"
"9741","43"
"9777","43"
"9836","43"
"9834","43"
"9860","43"
"9866","43"
"9880","43"
"9926","46"
"9944","46"
"9942","46"
"9966","46"
"9997","45"
"9991","45"
"10028","45"
"10055","48"
"10071","51"
"10108","52"
"10088","52"
"10087","52"
"10095","52"
"10087","52"
"10116","52"
"10121","58"
"10114","59"
"10127","59"
"10156","59"
"10173","62"
"10148","62"
"10136","62"
"10116","63"
"10111","63"
"10109","63"
"10101","63"
"10106","63"
"10096","63"
"10087","63"
"10081","63"
"10091","63"
"10067","63"
"10104","63"
"10111","63"
"10108","63"
"10116","63"
"10122","63"
"10074","63"
"10063","62"
"10099","62"
"10089","65"
"10067","65"
"10045","65"
"10031","65"
"10043","65"
"10033","65"
"10032","65"
"10011","65"
"9974","65"
"9969","65"
"9966","65"
"9944","65"
"9960","65"
"9968","65"
"9983","65"
"9987","65"
"9993","65"
"9990","65"
"9987","64"
"9979","64"
"9961","64"
"9937","64"
"9955","63"
"9953","63"
"9919","63"
"9933","63"
"9941","63"
"9935","63"
"9945","62"
"9930","62"
"9927","62"
"9927","62"
"9943","62"
"9950","62"
"9948","62"
"9971","61"
"9986","61"
"9985","61"
"9988","61"
"9963","61"
"9931","61"
"9865","61"
"9806","61"
"9726","61"
"9651","61"
"9573","61"
"9507","61"
"9437","61"
"9363","61"
"9285","60"
"9210","59"
"9137","59"
"9069","59"
"8997","59"
"8927","59"
"8862","59"
"8799","59"
"8728","59"
"8668","59"
"8602","59"
"8528","59"
"8459","59"
"8384","59"
"8315","59"
"8253","59"
"8187","59"
"8125","59"
"8061","59"
"8010","59"
"7953","59"
"7892","59"
"7829","59"
"7776","59"
"7714","59"
"7649","59"
"7586","59"
"7530","59"
"7477","59"
"7422","59"
"7371","59"
"7316","58"
"7264","58"
"7215","58"
"7156","58"
"7108","57"
"7056","56"
"7008","56"
"6952","55"
"6904","55"
"6852","55"
"6803","55"
"6753","55"
"6700","55"
"6659","55"
"6614","55"
"6566","55"
"6517","55"
"6462","54"
"6411","53"
"6365","53"
"6319","53"
"6274","51"
"6230","51"
"6183","51"
"6141","51"
"6091","51"
"6050","50"
"6007","50"
"5959","49"
"5915","49"
"5877","49"
"5833","49"
"5791","49"
"5750","49"
"5701","49"
"5659","49"
"5618","49"
"5576","49"
"5532","49"
"5496","49"
"5474","49"
"5441","49"
"5421","49"
"5398","48"
"5379","48"
"5375","47"
"5385","47"
"5389","46"
"5377","46"
"5385","45"
"5381","44"
"5358","44"
"5369","44"
"5388","44"
"5370","43"
"5359","42"
"5364","40"
"5361","40"
"5361","40"
"5357","39"
"5362","39"
"5382","39"
"5364","38"
"5356","38"
"5352","38"
"5364","38"
"5393","38"
"5418","36"
"5408","36"
"5432","36"
"5455","36"
"5465","36"
"5480","36"
"5490","34"
"5501","34"
"5522","34"
"5537","33"
"5543","32"
"5566","32"
"5557","31"
"5570","31"
"5577","30"
"5576","30"
"5582","30"
"5587","30"
"5594","30"
"5601","30"
"5609","30"
"5608","30"
"5607","30"
"5611","30"
"5649","30"
"5672","30"
"5688","30"
"5678","30"
"5707","30"
"5720","30"
"5736","30"
"5749","30"
"5778","30"
"5760","30"
"5762","30"
"5808","30"
"5826","30"
"5826","30"
"5820","30"
"5840","29"
"5843","29"
"5895","29"
"5904","29"
"5906","29"
"5911","28"
"5909","28"
"5935","28"
"5949","28"
"5965","28"
"5963","28"
"5983","28"
"6001","28"
"6003","28"
"6008","28"
"6043","28"
"6049","27"
"6028","27"
"6019","27"
"6042","27"
"6057","27"
"6054","27"
"6083","27"
"6062","27"
"6062","27"
"6043","27"
"6065","26"
"6093","26"
"6100","26"
"6106","26"
"6129","26"
"6140","26"
"6184","26"
"6203","25"
"6207","25"
"6187","25"
"6168","25"
"6147","25"
"6118","25"
"6083","25"
"6055","25"
"6028","25"
"6008","25"
"5983","25"
"5955","25"
"5931","25"
"5907","25"
"5880","25"
"5852","25"
"5823","24"
"5794","24"
"5768","24"
"5738","24"
"5711","24"
"5687","24"
"5664","24"
"5637","24"
"5612","24"
"5585","24"
"5557","24"
"5531","24"
"5500","23"
"5473","23"
"5452","23"
"5429","22"
"5399","22"
"5376","22"
"5350","22"
"5325","22"
"5299","22"
"5276","22"
"5247","22"
"5220","22"
"5190","22"
"5164","22"
"5136","22"
"5114","22"
"5094","22"
"5069","22"
"5047","22"
"5025","22"
"5000","22"
"4978","22"
"4956","22"
"4936","22"
"4919","22"
"4900","22"
"4880","22"
"4854","22"
"4829","21"
"4808","21"
"4781","21"
"4756","21"
"4735","21"
"4707","21"
"4684","21"
"4665","21"
"4642","21"
"4618","21"
"4596","21"
"4572","20"
"4550","20"
"4534","20"
"4515","20"
"4495","20"
"4474","20"
"4455","20"
"4433","20"
"4414","20"
"4399","20"
"4382","20"
"4359","20"
"4337","20"
"4317","20"
"4301","19"
"4278","19"
"4264","19"
"4256","19"
"4255","19"
"4254","18"
"4259","18"
"4268","18"
"4266","18"
"4279","17"
"4289","17"
"4290","17"
"4287","17"
"4326","17"
"4328","17"
"4339","16"
"4360","16"
"4361","16"
"4389","16"
"4422","16"
"4443","16"
"4450","16"
"4452","16"
"4461","16"
"4477","16"
"4487","16"
"4495","16"
"4532","16"
"4526","16"
"4523","16"
"4531","16"
"4531","16"
"4568","18"
"4581","18"
"4578","20"
"4574","20"
"4586","21"
"4592","21"
"4595","21"
"4633","21"
"4637","21"
"4652","21"
"4655","21"
"4664","21"
"4665","23"
"4693","23"
"4702","23"
"4707","23"
"4706","23"
"4722","23"
"4725","23"
"4713","23"
"4728","23"
"4745","23"
"4756","23"
"4770","23"
"4799","22"
"4820","25"
"4823","30"
"4837","30"
"4847","29"
"4861","29"
"4860","29"
"4861","29"
"4873","29"
"4896","29"
"4903","29"
"4915","29"
"4921","29"
"4928","28"
"4914","27"
"4925","27"
"4948","27"
"4944","27"
"4944","27"
"4966","27"
"4967","26"
"4958","26"
"4952","26"
"4977","26"
"4969","26"
"4977","26"
"4972","26"
"4975","25"
"4976","25"
"4960","25"
"4964","25"
"4978","25"
"4984","25"
"4983","25"
"4974","25"
"4968","25"
"4965","25"
"4980","25"
"4986","25"
"5023","25"
"5048","25"
"5066","25"
"5057","25"
"5072","25"
"5059","25"
"5065","25"
"5074","25"
"5064","25"
"5055","25"
"5028","25"
"5003","25"
"4976","25"
"4950","25"
"4928","25"
"4901","25"
"4869","24"
"4838","24"
"4805","24"
"4779","24"
"4753","24"
"4726","24"
"4700","24"
"4670","24"
"4639","23"
"4613","23"
"4591","23"
"4564","23"
"4544","23"
"4518","23"
"4490","23"
"4465","23"
"4442","23"
"4414","23"
"4390","23"
"4372","23"
"4346","23"
"4325","23"
"4301","22"
"4279","22"
"4261","22"
"4240","22"
"4226","22"
"4208","22"
"4179","22"
"4155","22"
"4139","22"
"4118","22"
"4099","22"
"4082","22"
"4065","22"
"4046","22"
"4029","22"
"4012","22"
"3989","22"
"3967","22"
"3952","22"
"3931","22"
"3915","22"
"3902","22"
"3892","22"
"3873","22"
"3853","22"
"3839","22"
"3823","22"
"3809","21"
"3798","21"
"3786","21"
"3774","20"
"3762","20"
"3748","20"
"3738","20"
"3727","20"
"3712","20"
"3700","20"
"3686","19"
"3673","18"
"3661","18"
"3654","18"
"3641","17"
"3634","17"
"3626","15"
"3611","15"
"3598","15"
"3587","13"
"3574","12"
"3566","12"
"3560","11"
"3551","11"
"3547","10"
"3556","9"
"3574","9"
"3585","9"
"3597","9"
"3604","9"
"3633","9"
"3648","8"
"3675","8"
"3690","8"
"3689","8"
"3704","8"
"3730","8"
"3736","8"
"3745","7"
"3768","7"
"3785","6"
"3805","5"
"3824","5"
"3823","5"
"3830","5"
"3839","5"
"3865","5"
"3881","5"
"3902","5"
"3910","5"
"3944","5"
"3961","5"
"3973","5"
"3993","5"
"4033","5"
"4058","5"
"4091","5"
"4092","5"
"4123","5"
"4151","5"
"4169","5"
"4191","5"
"4204","5"
"4239","5"
"4259","5"
"4267","5"
"4287","5"
"4313","5"
"4332","4"
"4347","4"
"4381","4"
"4374","4"
"4388","4"
"4412","4"
"4444","4"
"4446","4"
"4487","4"
"4523","4"
"4555","4"
"4587","4"
"4605","4"
"4615","4"
"4644","4"
"4679","4"
"4711","3"
"4712","3"
"4738","3"
"4757","3"
"4777","3"
"4799","3"
"4842","3"
"4867","3"
"4893","3"
"4919","3"
"4927","3"
"4954","3"
"4954","3"
"4985","3"
"5025","3"
"5039","3"
"5064","3"
"5108","3"
"5137","3"
"5164","3"
"5185","3"
"5219","3"
"5244","3"
"5274","3"
"5301","3"
"5318","3"
"5331","3"
"5382","3"
"5418","3"
"5419","3"
"5446","3"
"5482","3"
"5538","3"
"5594","3"
"5642","3"
"5662","3"
"5686","3"
"5710","3"
"5737","3"
"5762","3"
"5810","3"
"5841","3"
"5835","3"
"5837","3"
"5850","3"
"5837","3"
"5824","3"
"5813","3"
"5802","3"
"5793","3"
"5782","3"
"5774","3"
"5765","3"
"5758","3"
"5747","3"
"5736","3"
"5727","3"
"5715","3"
"5700","3"
"5690","3"
"5674","3"
"5665","3"
"5654","3"
"5648","3"
"5636","3"
"5629","3"
"5625","3"
"5611","3"
"5594","3"
"5580","3"
"5573","3"
"5563","3"
"5553","3"
"5544","3"
"5535","3"
"5526","3"
"5518","3"
"5505","3"
"5495","3"
"5486","3"
"5479","3"
"5470","3"
"5458","3"
"5450","3"
"5436","3"
"5426","3"
"5413","3"
"5404","2"
"5397","2"
"5395","2"
"5383","2"
"5378","2"
"5370","2"
"5364","2"
"5361","2"
"5349","2"
"5343","2"
"5332","2"
"5320","1"
"5310","1"
"5306","1"
"5292","1"
"5280","1"
"5272","1"
"5261","1"
"5256","1"
"5245","1"
"5237","1"
"5234","1"
"5223","1"
"5216","1"
"5207","1"
"5194","1"
"5185","1"
"5176","1"
"5165","1"
"5155","1"
"5147","1"
"5143","1"
"5130","1"
"5124","1"
"5117","1"
"5120","1"
"5118","1"
"5133","1"
"5144","1"
"5205","1"
"5230","1"
"5256","1"
"5300","1"
"5328","1"
"5365","1"
"5375","1"
"5406","1"
"5425","1"
"5462","1"
"5464","1"
"5511","1"
"5554","1"
"5578","1"
"5589","1"
"5605","1"
"5648","1"
"5689","1"
"5745","1"
"5788","1"
"5811","1"
"5863","1"
"5887","1"
"5931","1"
"5958","1"
"5971","1"
"5977","1"
"6013","1"
"6034","1"
"6081","1"
"6115","1"
"6157","1"
"6191","1"
"6261","1"
"6281","1"
"6291","1"
"6312","1"
"6385","1"
"6441","1"
"6469","1"
"6506","1"
"6523","1"
"6560","1"
"6598","1"
"6670","1"
"6706","1"
"6733","1"
"6784","1"
"6828","1"
"6868","1"
"6897","1"
"6941","1"
"6974","1"
"7010","1"
"7047","1"
"7093","1"
"7141","1"
"7229","1"
"7276","1"
"7303","1"
"7350","1"
"7383","1"
"7450","1"
"7499","1"
"7562","1"
"7590","1"
"7625","1"
"7645","1"
"7703","1"
"7710","1"
"7739","1"
"7781","1"
"7812","1"
"7863","1"
"7901","1"
"7936","1"
"8002","1"
"8051","1"
"8099","1"
"8142","1"
"8173","1"
"8226","1"
"8280","1"
"8306","1"
"8365","1"
"8422","1"
"8481","1"
"8535","1"
"8571","1"
"8601","1"
"8634","1"
"8727","1"
"8755","1"
"8796","1"
"8825","1"
"8858","1"
"8897","1"
"8939","1"
"8938","1"
"8955","1"
"8942","1"
"8926","1"
"8915","1"
"8901","1"
"8889","1"
"8873","1"
"8857","1"
"8844","1"
"8836","1"
"8817","1"
"8798","1"
"8779","1"
"8771","1"
"8759","1"
"8747","1"
"8733","1"
"8720","1"
"8706","1"
"8695","1"
"8676","1"
"8658","1"
"8644","1"
"8625","1"
"8620","1"
"8606","1"
"8595","1"
"8582","1"
"8570","1"
"8551","1"
"8536","1"
"8522","1"
"8506","1"
"8489","1"
"8483","1"
"8465","1"
"8456","1"
"8434","1"
"8423","1"
"8413","1"
"8400","1"
"8387","1"
"8378","1"
"8368","1"
"8353","1"
"8341","1"
"8331","1"
"8318","1"
"8305","1"
"8286","1"
"8276","1"
"8266","1"
"8258","1"
"8249","1"
"8237","1"
"8224","1"
"8215","1"
"8202","1"
"8188","1"
"8172","1"
"8155","1"
"8143","1"
"8130","1"
"8113","1"
"8097","1"
"8082","1"
"8071","1"
"8056","1"
"8045","1"
"8027","1"
"8017","1"
"8006","1"
"7997","1"
"7985","1"
"7972","1"
"7956","1"
"7946","1"
"7932","1"
"7922","1"
"7936","1"
"7936","1"
"7948","1"
"7969","1"
"8010","1"
"8062","1"
"8092","1"
"8116","1"
"8163","1"
"8217","1"
"8259","1"
"8325","1"
"8404","1"
"8440","1"
"8487","1"
"8551","1"
"8606","1"
"8629","1"
"8664","1"
"8729","1"
"8756","1"
"8813","1"
"8856","1"
"8870","1"
"8924","1"
"8991","1"
"9051","1"
"9102","1"
"9129","1"
"9163","1"
"9198","1"
"9228","1"
"9258","1"
"9311","1"
"9383","1"
"9444","1"
"9492","1"
"9574","1"
"9597","1"
"9630","1"
"9660","1"
"9698","1"
"9716","1"
"9787","1"
"9841","1"
"9914","1"
"10000","1"
"10072","1"
"10130","1"
"10169","1"
"10217","1"
"10286","1"
"10323","1"
"10362","1"
"10413","1"
"10477","1"
"10517","1"
"10593","1"
"10649","1"
"10700","1"
"10732","1"
"10799","1"
"10867","1"
"10937","1"
"10990","1"
"11044","1"
"11082","1"
"11116","1"
"11145","1"
"11198","1"
"11258","1"
"11286","1"
"11329","1"
"11378","1"
"11417","1"
"11469","1"
"11548","1"
"11606","1"
"11661","1"
"11710","1"
"11756","1"
"11838","1"
"11907","1"
"11978","1"
"12029","1"
"12088","1"
"12130","1"
"12207","1"
"12255","1"
"12308","1"
"12387","1"
"12469","1"
"12562","1"
"12610","1"
"12668","1"
"12744","1"
"12841","1"
"12914","1"
"12993","1"
"13009","1"
"13046","1"
"13060","1"
"13105","1"
"13096","1"
"13080","1"
"13051","1"
"13018","1"
"12990","1"
"12967","1"
"12939","1"
"12913","1"
"12896","1"
"12873","1"
"12850","1"
"12818","1"
"12783","1"
"12759","1"
"12738","1"
"12720","1"
"12697","1"
"12675","1"
"12653","1"
"12637","1"
"12620","1"
"12603","1"
"12578","1"
"12552","1"
"12537","1"
"12521","1"
"12500","1"
"12473","1"
"12456","1"
"12438","1"
"12416","1"
"12397","1"
"12372","1"
"12354","1"
"12333","1"
"12312","1"
"12288","1"
"12271","1"
"12248","1"
"12224","1"
"12197","1"
"12176","1"
"12161","1"
"12141","1"
"12121","1"
"12102","1"
"12084","1"
"12064","1"
"12040","1"
"12018","1"
"11989","1"
"11965","1"
"11942","1"
"11917","1"
"11898","1"
"11875","1"
"11857","1"
"11836","1"
"11814","1"
"11790","1"
"11770","1"
"11757","1"
"11735","1"
"11715","1"
"11689","1"
"11677","1"
"11663","1"
"11634","1"
"11611","1"
"11597","1"
"11575","1"
"11561","1"
"11544","1"
"11525","1"
"11512","1"
"11484","1"
"11461","1"
"11446","1"
"11456","1"
"11467","1"
"11497","1"
"11509","1"
"11557","1"
"11599","1"
"11625","1"
"11666","1"
"11748","1"
"11800","1"
"11868","1"
"11932","1"
"11988","1"
"12060","1"
"12144","1"
"12201","1"
"12257","1"
"12305","1"
"12369","1"
"12418","1"
"12516","1"
"12640","1"
"12705","1"
"12762","1"
"12826","1"
"12868","1"
"12949","1"
"13026","1"
"13075","1"
"13143","1"
"13182","1"
"13218","1"
"13309","1"
"13351","1"
"13402","1"
"13459","1"
"13523","1"
"13606","1"
"13685","1"
"13759","1"
"13795","1"
"13827","1"
"13899","1"
"13972","1"
"14013","1"
"14040","1"
"14117","1"
"14187","1"
"14253","1"
"14326","1"
"14368","1"
"14448","1"
"14493","1"
"14527","1"
"14608","1"
"14665","1"
"14778","1"
"14833","1"
"14911","1"
"14972","1"
"15050","1"
"15113","1"
"15223","1"
"15272","1"
"15338","1"
"15416","1"
"15463","1"
"15538","1"
"15603","1"
"15652","1"
"15688","1"
"15711","1"
"15836","1"
"15943","1"
"16028","1"
"16124","1"
"16140","1"
"16222","1"
"16282","1"
"16366","1"
"16449","1"
"16511","1"
"16593","1"
"16677","1"
"16748","1"
"16792","1"
"16833","1"
"16907","1"
"16994","1"
"17060","1"
"17160","1"
"17232","1"
"17316","1"
"17419","1"
"17493","1"
"17606","1"
"17653","1"
"17733","1"
"17820","1"
"17902","1"
"17928","1"
"17946","1"
"17947","1"
"17949","1"
"17942","1"
"17908","1"
"17861","1"
"17812","1"
"17779","1"
"17740","1"
"17690","1"
"17647","1"
"17594","1"
"17560","1"
"17530","1"
"17487","1"
"17439","1"
"17396","1"
"17359","1"
"17315","1"
"17282","1"
"17244","1"
"17201","1"
"17168","1"
"17130","1"
"17094","1"
"17052","1"
"17012","1"
"16975","1"
"16948","1"
"16912","1"
"16859","1"
"16832","1"
"16805","1"
"16775","1"
"16737","1"
"16711","1"
"16683","1"
"16651","1"
"16623","1"
"16585","1"
"16558","1"
"16521","1"
"16485","1"
"16449","1"
"16414","1"
"16392","1"
"16353","1"
"16319","1"
"16280","1"
"16251","1"
"16226","1"
"16195","1"
"16165","1"
"16139","1"
"16111","1"
"16082","1"
"16057","1"
"16025","1"
"16002","1"
"15972","1"
"15941","1"
"15915","1"
"15889","1"
"15861","1"
"15829","1"
"15805","1"
"15773","1"
"15749","1"
"15716","1"
"15689","1"
"15664","1"
"15640","1"
"15607","1"
"15580","1"
"15557","1"
"15535","1"
"15512","1"
"15487","1"
"15462","1"
"15435","1"
"15402","1"
"15384","1"
"15385","1"
"15398","1"
"15425","1"
"15453","1"
"15538","1"
"15605","1"
"15733","1"
"15805","1"
"15884","1"
"16005","1"
"16079","1"
"16170","1"
"16263","1"
"16359","1"
"16472","1"
"16531","1"
"16613","1"
"16694","1"
"16750","1"
"16842","1"
"16881","1"
"16962","1"
"17065","1"
"17156","1"
"17260","1"
"17319","1"
"17418","1"
"17484","1"
"17575","1"
"17673","1"
"17722","1"
"17815","1"
"17860","1"
"17924","1"
"18015","1"
"18114","1"
"18170","1"
"18282","1"
"18382","1"
"18459","1"
"18545","1"
"18629","1"
"18688","1"
"18742","1"
"18802","1"
"18906","1"
"18964","1"
"19051","1"
"19122","1"
"19177","1"
"19254","1"
"19300","1"
"19370","1"
"19465","1"
"19510","1"
"19558","1"
"19605","1"
"19668","1"
"19721","1"
"19796","1"
"19852","1"
"19901","1"
"19950","1"
"19982","1"
"20036","1"
"20098","1"
"20120","1"
"20186","1"
"20262","1"
"20361","1"
"20424","1"
"20503","1"
"20562","1"
"20614","1"
"20694","1"
"20700","1"
"20779","1"
"20857","1"
"20905","1"
"20955","1"
"21001","1"
"20993","1"
"21041","1"
"21077","1"
"21122","1"
"21151","1"
"21227","1"
"21278","1"
"21323","1"
"21336","1"
"21369","1"
"21402","1"
"21429","1"
"21495","1"
"21567","1"
"21651","1"
"21653","1"
"21727","1"
"21798","1"
"21798","1"
"21805","1"
"21742","1"
"21707","1"
"21657","1"
"21572","1"
"21482","1"
"21402","1"
"21329","1"
"21272","1"
"21202","1"
"21122","1"
"21043","1"
"20973","1"
"20901","1"
"20828","1"
"20772","1"
"20712","1"
"20643","1"
"20585","1"
"20529","1"
"20464","1"
"20402","1"
"20350","1"
"20289","1"
"20241","1"
"20182","1"
"20119","1"
"20065","1"
"20007","1"
"19963","1"
"19922","1"
"19860","1"
"19808","1"
"19763","1"
"19707","1"
"19653","1"
"19603","1"
"19557","1"
"19498","1"
"19449","1"
"19405","1"
"19362","1"
"19318","1"
"19265","1"
"19216","1"
"19177","1"
"19137","1"
"19105","1"
"19074","1"
"19038","1"
"18991","1"
"18951","1"
"18911","1"
"18870","1"
"18834","1"
"18791","1"
"18741","1"
"18711","1"
"18673","1"
"18634","1"
"18600","1"
"18564","1"
"18533","1"
"18479","1"
"18447","1"
"18417","1"
"18381","1"
"18338","1"
"18289","1"
"18254","1"
"18205","1"
"18163","1"
"18126","1"
"18090","1"
"18046","1"
"18000","1"
"17956","1"
"17924","1"
"17897","1"
"17867","1"
"17840","1"
"17814","1"
"17851","1"
"17852","1"
"17890","1"
"17958","1"
"18050","1"
"18185","1"
"18283","1"
"18362","1"
"18426","1"
"18530","1"
"18652","1"
"18732","1"
"18824","1"
"18921","1"
"19015","1"
"19072","1"
"19176","1"
"19244","1"
"19314","1"
"19412","1"
"19466","1"
"19556","1"
"19640","1"
"19681","1"
"19754","1"
"19853","1"
"19908","1"
"19944","1"
"20019","1"
"20139","1"
"20235","1"
"20299","1"
"20400","1"
"20464","1"
"20575","1"
"20668","1"
"20721","1"
"20784","1"
"20837","1"
"20881","1"
"20950","1"
"21004","1"
"21058","1"
"21121","1"
"21234","1"
"21266","1"
"21368","1"
"21429","1"
"21440","1"
"21518","1"
"21531","1"
"21587","1"
"21616","1"
"21655","1"
"21692","1"
"21751","1"
"21762","1"
"21832","1"
"21893","1"
"21918","1"
"21976","1"
"22057","1"
"22140","1"
"22148","1"
"22190","1"
"22242","1"
"22261","1"
"22319","1"
"22320","1"
"22320","1"
"22349","1"
"22359","1"
"22400","1"
"22425","1"
"22449","1"
"22496","1"
"22496","1"
"22517","1"
"22532","1"
"22553","1"
"22564","1"
"22596","1"
"22595","1"
"22609","1"
"22577","1"
"22635","1"
"22629","1"
"22667","1"
"22691","1"
"22739","1"
"22775","1"
"22799","1"
"22863","1"
"22928","1"
"22927","1"
"22933","1"
"22951","1"
"22973","1"
"23012","1"
"23036","1"
"23012","1"
"22926","1"
"22882","1"
"22834","1"
"22740","1"
"22635","1"
"22532","1"
"22418","1"
"22326","1"
"22228","1"
"22133","1"
"22061","1"
"21988","1"
"21863","1"
"21782","1"
"21691","1"
"21620","1"
"21528","1"
"21461","1"
"21393","1"
"21327","1"
"21267","1"
"21206","1"
"21142","1"
"21065","1"
"21017","1"
"20958","1"
"20884","1"
"20814","1"
"20741","1"
"20689","1"
"20632","1"
"20582","1"
"20522","1"
"20469","1"
"20409","1"
"20353","1"
"20307","1"
"20264","1"
"20217","1"
"20163","1"
"20106","1"
"20055","1"
"19985","1"
"19930","1"
"19884","1"
"19833","1"
"19778","1"
"19733","1"
"19686","1"
"19644","1"
"19599","1"
"19558","1"
"19509","1"
"19474","1"
"19428","1"
"19392","1"
"19350","1"
"19310","1"
"19272","1"
"19232","1"
"19197","1"
"19150","1"
"19114","1"
"19071","1"
"19020","1"
"18978","1"
"18936","1"
"18892","1"
"18863","1"
"18811","1"
"18775","1"
"18736","1"
"18699","1"
"18668","1"
"18626","1"
"18599","1"
"18563","1"
"18519","1"
"18480","1"
"18441","1"
"18414","1"
"18410","1"
"18451","1"
"18460","1"
"18528","1"
"18569","1"
"18617","1"
"18675","1"
"18820","1"
"18901","1"
"18957","1"
"19054","1"
"19130","1"
"19234","1"
"19295","1"
"19376","1"
"19472","1"
"19555","1"
"19623","1"
"19667","1"
"19797","1"
"19906","1"
"20004","1"
"20072","1"
"20130","1"
"20161","1"
"20245","1"
"20306","1"
"20372","1"
"20494","1"
"20557","1"
"20659","1"
"20695","1"
"20794","1"
"20876","1"
"20914","1"
"20974","1"
"21048","1"
"21126","1"
"21208","1"
"21270","1"
"21362","1"
"21409","1"
"21471","1"
"21530","1"
"21587","1"
"21608","1"
"21645","1"
"21670","1"
"21712","1"
"21783","1"
"21823","1"
"21844","1"
"21902","1"
"21955","1"
"21988","1"
"22036","1"
"22039","1"
"22098","1"
"22147","1"
"22213","1"
"22231","1"
"22263","1"
"22311","1"
"22371","1"
"22408","1"
"22472","1"
"22477","1"
"22486","1"
"22465","1"
"22521","1"
"22576","1"
"22620","1"
"22662","1"
"22706","1"
"22706","1"
"22729","1"
"22774","1"
"22798","1"
"22833","1"
"22840","1"
"22878","1"
"22917","1"
"22931","1"
"22957","1"
"23014","1"
"23062","1"
"23108","1"
"23123","1"
"23151","1"
"23178","1"
"23229","1"
"23219","1"
"23225","1"
"23278","1"
"23328","1"
"23356","1"
"23388","1"
"23406","1"
"23395","1"
"23395","1"
"23360","1"
"23303","1"
"23233","1"
"23135","1"
"23051","1"
"22942","1"
"22824","1"
"22719","1"
"22623","1"
"22509","1"
"22402","1"
"22295","1"
"22202","1"
"22103","1"
"22037","1"
"21941","1"
"21870","1"
"21785","1"
"21704","1"
"21639","1"
"21561","1"
"21499","1"
"21430","1"
"21368","1"
"21309","1"
"21235","1"
"21177","1"
"21117","1"
"21047","1"
"20993","1"
"20935","1"
"20883","1"
"20834","1"
"20771","1"
"20718","1"
"20671","1"
"20624","1"
"20558","1"
"20504","1"
"20437","1"
"20388","1"
"20336","1"
"20284","1"
"20229","1"
"20187","1"
"20136","1"
"20080","1"
"20030","1"
"19980","1"
"19941","1"
"19887","1"
"19834","1"
"19782","1"
"19737","1"
"19682","1"
"19646","1"
"19600","1"
"19561","1"
"19514","1"
"19472","1"
"19424","1"
"19369","1"
"19331","1"
"19293","1"
"19245","1"
"19202","1"
"19164","1"
"19127","1"
"19084","1"
"19041","1"
"19004","1"
"18963","1"
"18914","1"
"18869","1"
"18825","1"
"18781","1"
"18749","1"
"18707","1"
"18668","1"
"18636","1"
"18600","1"
"18596","1"
"18590","1"
"18625","1"
"18667","1"
"18755","1"
"18813","1"
"18885","1"
"18982","1"
"19049","1"
"19123","1"
"19247","1"
"19322","1"
"19446","1"
"19536","1"
"19629","1"
"19761","1"
"19813","1"
"19862","1"
"19945","1"
"20051","1"
"20101","1"
"20170","1"
"20294","1"
"20360","1"
"20398","1"
"20472","1"
"20560","1"
"20649","1"
"20701","1"
"20806","1"
"20877","1"
"20942","1"
"21012","1"
"21073","1"
"21154","1"
"21212","1"
"21241","1"
"21327","1"
"21410","1"
"21478","1"
"21523","1"
"21583","1"
"21666","1"
"21704","1"
"21757","1"
"21809","1"
"21876","1"
"21936","1"
"21961","1"
"21968","1"
"21996","1"
"22017","1"
"22081","1"
"22154","1"
"22190","1"
"22207","1"
"22245","1"
"22290","1"
"22312","1"
"22364","1"
"22392","1"
"22408","1"
"22476","1"
"22489","1"
"22509","1"
"22524","1"
"22579","1"
"22611","1"
"22630","1"
"22696","1"
"22728","1"
"22743","1"
"22825","1"
"22874","1"
"22848","1"
"22866","1"
"22894","1"
"22890","1"
"22881","1"
"22879","1"
"22927","1"
"22966","1"
"22966","1"
"22992","1"
"22985","1"
"22976","1"
"22958","1"
"23002","1"
"23012","1"
"23050","1"
"23065","1"
"23088","1"
"23119","1"
"23127","1"
"23124","1"
"23133","1"
"23134","1"
"23198","1"
"23191","1"
"23207","1"
"23197","1"
"23202","1"
"23128","1"
"23077","1"
"22995","1"
"22901","1"
"22805","1"
"22698","1"
"22577","1"
"22480","1"
"22389","1"
"22300","1"
"22203","1"
"22121","1"
"22029","1"
"21946","1"
"21869","1"
"21783","1"
"21710","1"
"21610","1"
"21526","1"
"21448","1"
"21364","1"
"21293","1"
"21218","1"
"21142","1"
"21071","1"
"21006","1"
"20947","1"
"20891","1"
"20831","1"
"20782","1"
"20714","1"
"20648","1"
"20596","1"
"20536","1"
"20471","1"
"20412","1"
"20362","1"
"20307","1"
"20255","1"
"20216","1"
"20165","1"
"20101","1"
"20053","1"
"19992","1"
"19944","1"
"19893","1"
"19846","1"
"19797","1"
"19753","1"
"19701","1"
"19653","1"
"19610","1"
"19559","1"
"19509","1"
"19463","1"
"19421","1"
"19384","1"
"19336","1"
"19295","1"
"19247","1"
"19202","1"
"19158","1"
"19113","1"
"19074","1"
"19040","1"
"18993","1"
"18957","1"
"18918","1"
"18875","1"
"18841","1"
"18812","1"
"18773","1"
"18730","1"
"18692","1"
"18657","1"
"18619","1"
"18582","1"
"18533","1"
"18499","1"
"18454","1"
"18454","1"
"18442","1"
"18476","1"
"18518","1"
"18543","1"
"18604","1"
"18695","1"
"18753","1"
"18844","1"
"18947","1"
"19017","1"
"19092","1"
"19227","1"
"19304","1"
"19347","1"
"19470","1"
"19565","1"
"19627","1"
"19699","1"
"19769","1"
"19843","1"
"19952","1"
"19991","1"
"20098","1"
"20171","1"
"20239","1"
"20328","1"
"20374","1"
"20471","1"
"20524","1"
"20583","1"
"20647","1"
"20752","1"
"20817","1"
"20942","1"
"21007","1"
"21099","1"
"21152","1"
"21217","1"
"21309","1"
"21372","1"
"21465","1"
"21501","1"
"21578","1"
"21633","1"
"21698","1"
"21765","1"
"21826","1"
"21883","1"
"21891","1"
"21907","1"
"21963","1"
"22021","1"
"22071","1"
"22065","1"
"22175","1"
"22245","1"
"22237","1"
"22263","1"
"22357","1"
"22416","1"
"22477","1"
"22520","1"
"22528","1"
"22577","1"
"22643","1"
"22703","1"
"22718","1"
"22739","1"
"22755","1"
"22780","1"
"22811","1"
"22839","1"
"22841","1"
"22889","1"
"22920","1"
"22931","1"
"22973","1"
"22980","1"
"23008","1"
"23060","1"
"23091","1"
"23143","1"
"23157","1"
"23231","1"
"23268","1"
"23262","1"
"23211","1"
"23221","1"
"23220","1"
"23239","1"
"23273","1"
"23240","1"
"23249","1"
"23239","1"
"23256","1"
"23256","1"
"23285","1"
"23279","1"
"23268","1"
"23232","1"
"23197","1"
"23163","1"
"23105","1"
"23012","1"
"22924","1"
"22806","1"
"22701","1"
"22603","1"
"22482","1"
"22388","1"
"22303","1"
"22206","1"
"22110","1"
"22019","1"
"21943","1"
"21861","1"
"21784","1"
"21709","1"
"21624","1"
"21538","1"
"21457","1"
"21389","1"
"21322","1"
"21253","1"
"21189","1"
"21137","1"
"21073","1"
"21003","1"
"20940","1"
"20878","1"
"20817","1"
"20755","1"
"20700","1"
"20658","1"
"20615","1"
"20561","1"
"20509","1"
"20459","1"
"20402","1"
"20352","1"
"20300","1"
"20244","1"
"20187","1"
"20131","1"
"20093","1"
"20032","1"
"19981","1"
"19923","1"
"19872","1"
"19824","1"
"19785","1"
"19734","1"
"19695","1"
"19646","1"
"19602","1"
"19547","1"
"19499","1"
"19464","1"
"19418","1"
"19370","1"
"19326","1"
"19285","1"
"19243","1"
"19195","1"
"19149","1"
"19115","1"
"19076","1"
"19037","1"
"19012","1"
"18965","1"
"18930","1"
"18902","1"
"18860","1"
"18811","1"
"18774","1"
"18731","1"
"18687","1"
"18653","1"
"18615","1"
"18580","1"
"18541","1"
"18512","1"
"18505","1"
"18523","1"
"18569","1"
"18613","1"
"18694","1"
"18776","1"
"18882","1"
"18958","1"
"19074","1"
"19167","1"
"19246","1"
"19340","1"
"19423","1"
"19490","1"
"19612","1"
"19710","1"
"19804","1"
"19944","1"
"20046","1"
"20143","1"
"20240","1"
"20334","1"
"20428","1"
"20507","1"
"20561","1"
"20626","2"
"20717","2"
"20796","2"
"20845","2"
"20890","2"
"20941","2"
"21052","2"
"21124","2"
"21191","2"
"21265","2"
"21269","2"
"21333","2"
"21366","2"
"21443","2"
"21525","2"
"21578","2"
"21633","2"
"21717","2"
"21788","2"
"21867","2"
"21905","2"
"21952","2"
"21988","2"
"22010","2"
"22062","2"
"22096","2"
"22139","2"
"22197","2"
"22211","2"
"22270","2"
"22333","2"
"22388","2"
"22425","2"
"22468","2"
"22473","2"
"22505","2"
"22539","2"
"22577","2"
"22602","2"
"22668","2"
"22698","2"
"22734","2"
"22724","2"
"22766","2"
"22779","2"
"22795","2"
"22818","2"
"22853","2"
"22836","2"
"22898","2"
"22887","2"
"22908","2"
"22904","2"
"22933","2"
"22930","2"
"22968","2"
"22969","2"
"22987","2"
"23015","2"
"23047","2"
"23036","2"
"23034","2"
"23046","2"
"23045","2"
"23080","2"
"23083","2"
"23144","2"
"23142","2"
"23143","2"
"23181","2"
"23174","2"
"23183","2"
"23189","2"
"23180","2"
"23184","2"
"23156","2"
"23088","2"
"23024","2"
"22911","2"
"22804","2"
"22704","2"
"22590","2"
"22473","2"
"22364","2"
"22249","2"
"22148","2"
"22065","2"
"21978","2"
"21886","2"
"21811","2"
"21718","2"
"21640","2"
"21569","2"
"21489","2"
"21405","2"
"21329","2"
"21263","2"
"21206","2"
"21130","2"
"21073","2"
"21016","2"
"20954","2"
"20899","2"
"20840","2"
"20786","2"
"20729","2"
"20664","2"
"20601","2"
"20548","2"
"20499","2"
"20442","2"
"20389","2"
"20335","2"
"20279","2"
"20213","2"
"20161","2"
"20102","2"
"20052","2"
"19996","2"
"19955","2"
"19896","2"
"19845","2"
"19799","2"
"19739","2"
"19697","2"
"19644","2"
"19590","2"
"19534","2"
"19488","2"
"19437","2"
"19395","2"
"19349","2"
"19290","2"
"19244","2"
"19201","2"
"19171","2"
"19139","2"
"19091","2"
"19045","2"
"19010","2"
"18964","2"
"18921","2"
"18886","2"
"18845","2"
"18803","2"
"18769","2"
"18736","2"
"18695","2"
"18645","2"
"18616","2"
"18573","2"
"18537","2"
"18496","2"
"18453","2"
"18410","2"
"18378","2"
"18348","2"
"18338","2"
"18366","2"
"18424","2"
"18476","2"
"18544","2"
"18663","2"
"18697","2"
"18793","2"
"18891","2"
"18995","2"
"19061","2"
"19133","2"
"19173","2"
"19253","2"
"19321","2"
"19398","2"
"19454","2"
"19498","2"
"19566","2"
"19644","2"
"19764","2"
"19876","2"
"19931","2"
"20037","2"
"20113","2"
"20174","2"
"20211","2"
"20222","2"
"20316","2"
"20354","2"
"20437","2"
"20498","2"
"20523","2"
"20603","2"
"20682","2"
"20710","2"
"20753","2"
"20833","2"
"20896","2"
"20953","2"
"21023","2"
"21069","2"
"21146","2"
"21211","2"
"21315","2"
"21377","2"
"21430","2"
"21513","2"
"21549","2"
"21570","2"
"21639","2"
"21703","2"
"21728","2"
"21786","2"
"21876","2"
"21950","2"
"21966","2"
"22004","2"
"22029","2"
"22064","2"
"22147","2"
"22143","2"
"22186","2"
"22206","2"
"22236","2"
"22239","2"
"22263","2"
"22274","2"
"22307","2"
"22336","2"
"22375","2"
"22373","2"
"22435","2"
"22416","2"
"22447","2"
"22476","2"
"22539","2"
"22577","2"
"22607","2"
"22657","2"
"22667","2"
"22689","2"
"22693","2"
"22736","2"
"22758","2"
"22801","2"
"22818","2"
"22857","2"
"22888","2"
"22897","2"
"22919","2"
"22932","2"
"22928","2"
"22936","2"
"22946","2"
"22961","2"
"23002","2"
"23004","2"
"23010","2"
"22989","2"
"22973","2"
"22920","2"
"22902","2"
"22837","2"
"22749","2"
"22646","2"
"22546","2"
"22425","2"
"22322","2"
"22227","2"
"22144","2"
"22053","2"
"21963","2"
"21884","2"
"21806","2"
"21727","2"
"21648","2"
"21557","2"
"21462","2"
"21391","2"
"21312","2"
"21237","2"
"21157","2"
"21085","2"
"21018","2"
"20946","2"
"20877","2"
"20801","2"
"20748","2"
"20674","2"
"20624","2"
"20576","2"
"20525","2"
"20475","2"
"20418","2"
"20360","2"
"20311","2"
"20271","2"
"20213","2"
"20168","2"
"20109","2"
"20053","2"
"20006","2"
"19956","2"
"19897","2"
"19847","2"
"19794","2"
"19739","2"
"19700","2"
"19656","2"
"19613","2"
"19567","2"
"19521","2"
"19473","2"
"19428","2"
"19389","2"
"19339","2"
"19298","2"
"19258","2"
"19209","2"
"19164","2"
"19133","2"
"19098","2"
"19051","2"
"19023","2"
"18974","2"
"18951","2"
"18914","2"
"18868","2"
"18828","2"
"18794","2"
"18749","2"
"18713","2"
"18680","2"
"18632","2"
"18607","2"
"18562","2"
"18512","2"
"18478","2"
"18448","2"
"18413","2"
"18392","2"
"18395","2"
"18388","2"
"18404","2"
"18481","2"
"18606","2"
"18705","2"
"18769","2"
"18876","2"
"18950","2"
"19022","2"
"19165","2"
"19241","2"
"19344","2"
"19435","2"
"19484","2"
"19572","2"
"19648","2"
"19734","2"
"19834","2"
"19956","2"
"20007","2"
"20067","2"
"20134","2"
"20214","2"
"20273","2"
"20325","2"
"20392","2"
"20437","2"
"20518","2"
"20578","2"
"20632","2"
"20731","2"
"20796","2"
"20852","2"
"20896","2"
"20956","2"
"21043","2"
"21101","2"
"21160","2"
"21251","2"
"21341","2"
"21399","2"
"21461","2"
"21516","2"
"21601","2"
"21652","2"
"21721","2"
"21747","2"
"21824","2"
"21882","2"
"21927","2"
"21993","2"
"22059","2"
"22094","2"
"22127","2"
"22163","2"
"22201","2"
"22219","2"
"22197","2"
"22219","2"
"22255","2"
"22311","2"
"22350","2"
"22387","2"
"22405","2"
"22420","2"
"22481","2"
"22532","2"
"22523","2"
"22515","2"
"22522","2"
"22524","2"
"22526","2"
"22621","2"
"22639","2"
"22716","2"
"22735","2"
"22773","2"
"22790","2"
"22792","2"
"22818","2"
"22879","2"
"22909","2"
"22965","2"
"23011","2"
"22962","2"
"22977","2"
"22980","2"
"22987","2"
"22998","2"
"23009","2"
"23023","2"
"23062","2"
"23108","2"
"23112","2"
"23148","2"
"23214","2"
"23171","2"
"23199","2"
"23177","2"
"23145","2"
"23096","2"
"23037","2"
"22961","2"
"22851","2"
"22722","2"
"22624","2"
"22518","2"
"22416","2"
"22327","2"
"22242","2"
"22135","2"
"22056","2"
"21981","2"
"21885","2"
"21788","2"
"21704","2"
"21634","2"
"21557","2"
"21480","2"
"21403","2"
"21330","2"
"21274","2"
"21214","2"
"21146","2"
"21098","2"
"21046","2"
"20987","2"
"20934","2"
"20874","2"
"20818","2"
"20744","2"
"20685","2"
"20622","2"
"20565","2"
"20506","2"
"20453","2"
"20391","2"
"20345","2"
"20286","2"
"20236","2"
"20174","2"
"20106","2"
"20051","2"
"19999","2"
"19947","2"
"19899","2"
"19866","2"
"19819","2"
"19769","2"
"19724","2"
"19681","2"
"19636","2"
"19577","2"
"19534","2"
"19474","2"
"19435","2"
"19397","2"
"19362","2"
"19315","2"
"19264","2"
"19207","2"
"19172","2"
"19139","2"
"19100","2"
"19052","2"
"18995","2"
"18958","2"
"18923","2"
"18872","2"
"18824","2"
"18793","2"
"18752","2"
"18708","2"
"18679","2"
"18649","2"
"18599","2"
"18552","2"
"18519","2"
"18476","2"
"18440","2"
"18432","2"
"18413","2"
"18431","2"
"18448","2"
"18518","2"
"18588","2"
"18674","2"
"18743","2"
"18821","2"
"18928","2"
"19032","2"
"19111","2"
"19213","2"
"19320","2"
"19432","2"
"19530","2"
"19590","2"
"19652","2"
"19713","2"
"19803","2"
"19887","2"
"19983","2"
"20081","2"
"20214","2"
"20286","2"
"20321","2"
"20409","2"
"20482","2"
"20562","2"
"20656","2"
"20695","2"
"20729","2"
"20816","2"
"20872","2"
"20961","2"
"20988","2"
"21026","2"
"21112","2"
"21171","2"
"21260","2"
"21286","2"
"21344","2"
"21437","2"
"21522","2"
"21589","2"
"21657","2"
"21703","2"
"21788","2"
"21840","2"
"21880","2"
"21941","2"
"21990","2"
"22018","2"
"22063","2"
"22115","2"
"22181","2"
"22204","2"
"22241","2"
"22253","2"
"22316","2"
"22382","2"
"22415","2"
"22439","2"
"22486","2"
"22530","2"
"22554","2"
"22572","2"
"22592","2"
"22679","2"
"22738","2"
"22739","2"
"22754","2"
"22783","2"
"22785","2"
"22839","2"
"22874","2"
"22878","2"
"22856","2"
"22872","2"
"22850","2"
"22903","2"
"22928","2"
"22941","2"
"22963","2"
"22924","2"
"22952","2"
"22979","2"
"22995","2"
"22973","2"
"22972","2"
"23025","2"
"23026","2"
"23027","2"
"23056","2"
"23087","2"
"23115","2"
"23117","2"
"23141","2"
"23136","2"
"23154","2"
"23125","2"
"23075","2"
"23004","2"
"22939","2"
"22857","2"
"22762","2"
"22653","2"
"22551","2"
"22435","2"
"22335","2"
"22231","2"
"22148","2"
"22060","2"
"21975","2"
"21888","2"
"21801","2"
"21735","2"
"21667","2"
"21588","2"
"21503","2"
"21435","2"
"21356","2"
"21290","2"
"21220","2"
"21157","2"
"21088","2"
"21022","2"
"20939","2"
"20882","2"
"20822","2"
"20756","2"
"20684","2"
"20629","2"
"20553","2"
"20501","2"
"20433","2"
"20383","2"
"20328","2"
"20274","2"
"20209","2"
"20154","2"
"20112","2"
"20068","2"
"20005","2"
"19949","2"
"19912","2"
"19857","2"
"19806","2"
"19758","2"
"19711","2"
"19665","2"
"19618","2"
"19564","2"
"19521","2"
"19483","2"
"19441","2"
"19391","2"
"19335","2"
"19288","2"
"19246","2"
"19206","2"
"19157","2"
"19131","2"
"19094","2"
"19055","2"
"19011","2"
"18975","2"
"18932","2"
"18894","2"
"18856","2"
"18820","2"
"18794","2"
"18758","2"
"18717","2"
"18682","2"
"18654","2"
"18605","2"
"18568","2"
"18532","2"
"18505","2"
"18460","2"
"18424","2"
"18403","2"
"18396","2"
"18419","2"
"18461","2"
"18506","2"
"18575","2"
"18661","2"
"18783","2"
"18855","2"
"18942","2"
"19004","2"
"19089","2"
"19197","2"
"19273","2"
"19303","2"
"19392","2"
"19496","2"
"19536","2"
"19660","2"
"19740","2"
"19776","2"
"19855","2"
"19961","2"
"20069","2"
"20089","2"
"20132","2"
"20204","2"
"20267","2"
"20345","2"
"20397","2"
"20503","2"
"20549","2"
"20621","2"
"20693","2"
"20758","2"
"20804","2"
"20882","2"
"20934","2"
"21006","2"
"21047","2"
"21097","2"
"21147","2"
"21176","5"
"21225","5"
"21295","5"
"21371","5"
"21444","5"
"21504","5"
"21559","5"
"21627","5"
"21647","5"
"21680","5"
"21674","5"
"21733","5"
"21787","5"
"21803","5"
"21861","5"
"21884","4"
"21905","4"
"21981","4"
"22009","4"
"22085","4"
"22142","4"
"22241","4"
"22278","4"
"22285","4"
"22285","4"
"22352","4"
"22426","7"
"22438","7"
"22489","7"
"22510","7"
"22501","7"
"22546","7"
"22606","7"
"22668","7"
"22650","7"
"22666","7"
"22698","7"
"22673","7"
"22674","7"
"22644","7"
"22647","7"
"22688","7"
"22721","7"
"22753","7"
"22739","7"
"22730","7"
"22733","7"
"22779","7"
"22834","7"
"22844","7"
"22874","7"
"22935","7"
"22962","7"
"22958","7"
"22978","7"
"22962","7"
"22994","7"
"23016","7"
"23030","7"
"23002","7"
"22960","7"
"22909","7"
"22820","7"
"22696","7"
"22582","7"
"22463","7"
"22359","7"
"22261","7"
"22157","7"
"22053","7"
"21951","7"
"21838","7"
"21758","7"
"21668","7"
"21601","7"
"21517","7"
"21439","7"
"21340","7"
"21245","7"
"21175","7"
"21114","7"
"21040","7"
"20970","7"
"20904","7"
"20830","7"
"20758","7"
"20700","7"
"20636","7"
"20570","7"
"20509","7"
"20445","7"
"20379","7"
"20318","7"
"20254","7"
"20187","7"
"20120","7"
"20059","7"
"20007","7"
"19926","7"
"19874","7"
"19819","7"
"19773","7"
"19720","7"
"19666","7"
"19606","7"
"19558","7"
"19507","7"
"19448","7"
"19391","7"
"19342","7"
"19293","7"
"19244","7"
"19192","7"
"19146","7"
"19091","7"
"19039","7"
"19004","7"
"18963","7"
"18914","7"
"18860","7"
"18820","7"
"18775","7"
"18735","7"
"18693","7"
"18641","7"
"18608","7"
"18567","7"
"18513","7"
"18464","7"
"18426","7"
"18384","7"
"18336","7"
"18285","7"
"18242","7"
"18197","7"
"18157","7"
"18115","7"
"18076","7"
"18039","7"
"18002","7"
"17974","7"
"17960","7"
"17967","7"
"17979","7"
"18071","7"
"18137","7"
"18201","7"
"18269","7"
"18336","7"
"18429","7"
"18508","7"
"18573","7"
"18659","7"
"18759","7"
"18826","7"
"18920","7"
"19057","7"
"19109","7"
"19222","7"
"19320","7"
"19397","7"
"19477","7"
"19583","7"
"19632","7"
"19688","7"
"19750","7"
"19822","7"
"19901","7"
"19975","7"
"20046","7"
"20153","7"
"20165","7"
"20234","7"
"20324","7"
"20395","7"
"20425","7"
"20513","7"
"20533","7"
"20577","7"
"20604","7"
"20656","7"
"20723","7"
"20779","7"
"20830","7"
"20866","7"
"20909","7"
"20941","7"
"21003","7"
"21046","7"
"21088","7"
"21124","7"
"21208","7"
"21269","7"
"21304","7"
"21353","7"
"21397","7"
"21450","7"
"21488","7"
"21520","7"
"21579","7"
"21624","7"
"21654","7"
"21638","7"
"21640","7"
"21636","7"
"21654","7"
"21708","7"
"21756","7"
"21789","7"
"21827","7"
"21873","7"
"21905","7"
"21952","7"
"21955","7"
"21979","7"
"22025","7"
"22081","7"
"22105","7"
"22120","7"
"22094","7"
"22127","7"
"22110","7"
"22135","7"
"22175","7"
"22187","7"
"22163","7"
"22225","7"
"22268","7"
"22327","7"
"22334","7"
"22348","7"
"22409","7"
"22443","7"
"22486","7"
"22500","7"
"22488","7"
"22483","7"
"22508","7"
"22499","7"
"22504","7"
"22502","7"
"22475","7"
"22449","7"
"22378","7"
"22291","7"
"22216","7"
"22085","7"
"21964","7"
"21858","7"
"21739","7"
"21612","7"
"21499","7"
"21407","7"
"21308","7"
"21211","7"
"21120","7"
"21021","7"
"20941","7"
"20863","7"
"20780","7"
"20702","7"
"20627","7"
"20567","7"
"20496","7"
"20424","7"
"20360","7"
"20287","7"
"20217","7"
"20145","7"
"20078","7"
"20011","7"
"19942","7"
"19881","7"
"19818","7"
"19756","7"
"19697","7"
"19643","7"
"19575","7"
"19512","7"
"19472","7"
"19419","7"
"19375","7"
"19325","7"
"19263","7"
"19203","7"
"19159","7"
"19105","7"
"19052","7"
"18996","7"
"18935","7"
"18894","7"
"18848","7"
"18796","7"
"18749","7"
"18695","7"
"18647","7"
"18604","7"
"18561","7"
"18513","7"
"18466","7"
"18416","7"
"18378","7"
"18318","7"
"18272","7"
"18221","7"
"18181","7"
"18133","7"
"18089","7"
"18047","7"
"18005","7"
"17970","7"
"17933","7"
"17880","7"
"17834","7"
"17791","7"
"17744","7"
"17712","7"
"17682","7"
"17642","7"
"17604","7"
"17563","7"
"17536","7"
"17508","7"
"17498","7"
"17491","7"
"17535","7"
"17583","7"
"17646","7"
"17743","7"
"17846","7"
"17947","7"
"18041","7"
"18127","7"
"18203","7"
"18257","7"
"18346","7"
"18464","7"
"18544","7"
"18587","7"
"18682","7"
"18726","7"
"18810","7"
"18880","7"
"18956","7"
"19075","7"
"19154","7"
"19236","7"
"19303","7"
"19393","7"
"19481","7"
"19530","7"
"19601","7"
"19671","7"
"19751","7"
"19801","7"
"19849","7"
"19905","7"
"19968","7"
"20048","7"
"20109","7"
"20119","7"
"20164","7"
"20242","7"
"20268","7"
"20320","7"
"20336","7"
"20348","7"
"20349","7"
"20363","7"
"20404","7"
"20454","7"
"20513","7"
"20586","7"
"20640","7"
"20672","7"
"20745","7"
"20781","7"
"20841","7"
"20913","7"
"20976","7"
"21028","7"
"21088","7"
"21163","7"
"21190","7"
"21250","7"
"21250","7"
"21294","7"
"21364","7"
"21418","7"
"21437","7"
"21464","7"
"21497","7"
"21496","7"
"21477","7"
"21514","7"
"21589","7"
"21617","7"
"21651","7"
"21663","7"
"21657","7"
"21684","7"
"21713","7"
"21734","7"
"21722","7"
"21744","7"
"21786","7"
"21793","7"
"21842","7"
"21897","7"
"21899","7"
"21924","7"
"21945","7"
"21942","7"
"21990","7"
"22058","7"
"22070","7"
"22072","7"
"22082","7"
"22111","7"
"22103","7"
"22116","7"
"22131","7"
"22165","7"
"22170","7"
"22119","7"
"22087","7"
"22012","7"
"21920","7"
"21826","7"
"21725","7"
"21621","7"
"21526","7"
"21430","7"
"21335","7"
"21266","7"
"21189","7"
"21100","7"
"21008","7"
"20924","7"
"20850","7"
"20767","7"
"20694","7"
"20616","7"
"20549","7"
"20487","7"
"20417","7"
"20345","7"
"20280","7"
"20212","7"
"20141","7"
"20069","7"
"20009","7"
"19953","7"
"19879","7"
"19808","7"
"19751","7"
"19689","7"
"19643","7"
"19582","7"
"19523","7"
"19467","7"
"19424","7"
"19354","7"
"19305","7"
"19260","7"
"19200","7"
"19149","7"
"19095","7"
"19057","7"
"19005","7"
"18954","7"
"18908","7"
"18860","7"
"18811","7"
"18760","7"
"18718","7"
"18671","7"
"18629","7"
"18578","7"
"18532","7"
"18489","7"
"18444","7"
"18403","7"
"18366","7"
"18326","7"
"18281","7"
"18234","7"
"18180","7"
"18134","7"
"18083","7"
"18037","7"
"17991","7"
"17946","7"
"17911","7"
"17866","7"
"17823","7"
"17789","7"
"17744","7"
"17696","7"
"17658","7"
"17621","7"
"17587","7"
"17536","7"
"17492","7"
"17466","7"
"17477","7"
"17496","7"
"17513","7"
"17563","7"
"17606","7"
"17660","7"
"17736","7"
"17821","7"
"17874","7"
"17929","7"
"17984","7"
"18051","7"
"18089","7"
"18190","7"
"18256","7"
"18365","7"
"18434","7"
"18556","7"
"18616","7"
"18720","7"
"18832","7"
"18889","7"
"18971","7"
"19054","7"
"19120","7"
"19182","7"
"19246","7"
"19304","7"
"19344","7"
"19425","7"
"19488","7"
"19551","7"
"19578","7"
"19650","7"
"19692","7"
"19754","7"
"19813","7"
"19870","7"
"19961","7"
"20032","7"
"20062","7"
"20119","7"
"20202","7"
"20281","7"
"20344","7"
"20378","7"
"20425","7"
"20459","7"
"20506","7"
"20508","7"
"20554","7"
"20606","7"
"20672","7"
"20749","7"
"20847","7"
"20909","7"
"20961","7"
"21012","7"
"21037","7"
"21078","7"
"21111","7"
"21210","7"
"21269","7"
"21308","7"
"21379","7"
"21404","7"
"21461","7"
"21466","7"
"21532","7"
"21582","7"
"21644","7"
"21659","7"
"21686","7"
"21738","7"
"21758","7"
"21757","7"
"21772","7"
"21861","7"
"21880","7"
"21892","7"
"21954","7"
"21961","7"
"21990","7"
"22011","7"
"22071","7"
"22120","7"
"22137","7"
"22177","7"
"22197","7"
"22242","7"
"22251","7"
"22266","7"
"22280","7"
"22289","7"
"22318","7"
"22335","7"
"22328","7"
"22336","7"
"22365","7"
"22329","7"
"22317","7"
"22257","7"
"22196","7"
"22136","7"
"22053","7"
"21956","7"
"21868","7"
"21778","7"
"21696","7"
"21622","7"
"21527","7"
"21441","7"
"21345","7"
"21262","7"
"21184","7"
"21106","7"
"21030","7"
"20943","7"
"20878","7"
"20811","7"
"20742","7"
"20669","7"
"20592","7"
"20526","7"
"20468","7"
"20406","7"
"20348","7"
"20291","7"
"20233","7"
"20169","7"
"20119","7"
"20058","7"
"20004","7"
"19936","7"
"19889","7"
"19838","7"
"19793","7"
"19740","7"
"19679","7"
"19631","7"
"19564","7"
"19517","7"
"19462","7"
"19412","7"
"19362","7"
"19324","7"
"19284","7"
"19234","7"
"19190","7"
"19138","7"
"19091","7"
"19048","7"
"18995","7"
"18952","7"
"18909","7"
"18859","7"
"18812","7"
"18761","7"
"18713","7"
"18675","7"
"18635","7"
"18587","7"
"18542","7"
"18505","7"
"18471","7"
"18424","7"
"18384","7"
"18341","7"
"18296","7"
"18247","7"
"18209","7"
"18165","7"
"18117","7"
"18078","7"
"18029","7"
"17979","7"
"17945","7"
"17899","7"
"17842","7"
"17811","7"
"17768","7"
"17751","7"
"17744","7"
"17782","7"
"17818","7"
"17884","7"
"17922","7"
"18015","7"
"18099","7"
"18195","7"
"18268","7"
"18388","7"
"18464","7"
"18553","7"
"18649","7"
"18729","7"
"18808","7"
"18907","7"
"19007","7"
"19083","7"
"19166","7"
"19212","7"
"19298","7"
"19366","7"
"19459","7"
"19554","7"
"19622","7"
"19739","7"
"19822","7"
"19888","7"
"19937","7"
"20038","7"
"20058","7"
"20161","7"
"20220","7"
"20295","7"
"20346","7"
"20391","7"
"20472","7"
"20527","10"
"20577","13"
"20669","13"
"20718","13"
"20749","16"
"20823","16"
"20903","16"
"20991","16"
"21031","16"
"21087","16"
"21128","16"
"21158","16"
"21204","16"
"21248","16"
"21251","16"
"21272","16"
"21345","19"
"21378","19"
"21387","19"
"21422","19"
"21396","19"
"21408","19"
"21415","22"
"21470","22"
"21510","22"
"21562","22"
"21610","22"
"21654","22"
"21685","22"
"21716","23"
"21727","23"
"21767","23"
"21742","23"
"21762","23"
"21771","23"
"21781","23"
"21807","23"
"21842","23"
"21848","23"
"21869","23"
"21853","23"
"21873","23"
"21894","23"
"21933","23"
"21929","23"
"21962","23"
"21952","23"
"22000","23"
"22015","23"
"22006","23"
"22003","23"
"22005","23"
"22031","23"
"22054","23"
"22043","23"
"22008","23"
"22032","23"
"22074","23"
"22053","23"
"22071","23"
"22085","23"
"22122","23"
"22088","23"
"22023","23"
"21963","23"
"21910","23"
"21824","23"
"21720","23"
"21610","23"
"21511","23"
"21422","23"
"21328","23"
"21207","23"
"21107","23"
"21007","23"
"20910","23"
"20821","23"
"20727","23"
"20642","23"
"20545","23"
"20449","23"
"20366","23"
"20284","23"
"20195","23"
"20116","23"
"20045","23"
"19970","23"
"19868","23"
"19788","23"
"19703","23"
"19614","23"
"19532","23"
"19448","23"
"19365","23"
"19302","23"
"19232","23"
"19168","23"
"19090","23"
"19018","23"
"18959","23"
"18907","23"
"18842","23"
"18779","23"
"18708","23"
"18634","23"
"18572","23"
"18506","23"
"18441","23"
"18367","23"
"18309","23"
"18251","23"
"18184","23"
"18133","23"
"18069","23"
"18015","23"
"17963","23"
"17908","23"
"17847","23"
"17789","23"
"17737","23"
"17689","23"
"17627","23"
"17578","23"
"17514","23"
"17458","23"
"17401","23"
"17350","23"
"17294","23"
"17231","23"
"17179","23"
"17127","23"
"17078","23"
"17030","23"
"16969","23"
"16914","23"
"16849","23"
"16788","23"
"16733","23"
"16670","23"
"16624","23"
"16575","23"
"16525","23"
"16470","23"
"16422","23"
"16380","23"
"16358","23"
"16356","23"
"16373","23"
"16455","23"
"16496","23"
"16587","23"
"16664","23"
"16687","23"
"16718","23"
"16768","23"
"16829","23"
"16893","23"
"16963","23"
"17026","23"
"17078","23"
"17171","23"
"17233","23"
"17270","23"
"17332","23"
"17404","23"
"17496","23"
"17509","23"
"17521","23"
"17562","23"
"17601","23"
"17626","23"
"17673","23"
"17760","23"
"17797","23"
"17833","23"
"17850","23"
"17907","23"
"17952","23"
"18033","23"
"18083","23"
"18116","23"
"18199","23"
"18219","23"
"18262","23"
"18281","23"
"18376","23"
"18415","23"
"18511","23"
"18551","22"
"18590","22"
"18633","22"
"18683","22"
"18710","22"
"18716","22"
"18742","22"
"18762","22"
"18825","22"
"18888","22"
"18945","22"
"18977","22"
"19008","22"
"19012","22"
"19020","22"
"19053","22"
"19091","22"
"19063","22"
"19046","22"
"19110","22"
"19136","22"
"19149","22"
"19157","22"
"19186","22"
"19229","22"
"19281","22"
"19323","22"
"19363","22"
"19391","22"
"19436","22"
"19469","22"
"19486","22"
"19565","22"
"19611","22"
"19608","22"
"19636","22"
"19655","22"
"19655","22"
"19697","22"
"19719","22"
"19719","22"
"19787","22"
"19801","22"
"19828","22"
"19822","22"
"19799","22"
"19838","22"
"19844","22"
"19847","22"
"19868","22"
"19907","22"
"19908","22"
"19943","22"
"19971","22"
"19992","22"
"20020","22"
"20025","22"
"19986","22"
"19984","22"
"19933","22"
"19870","22"
"19788","22"
"19695","22"
"19581","22"
"19491","22"
"19400","22"
"19295","22"
"19210","22"
"19111","22"
"19031","22"
"18954","22"
"18880","22"
"18805","22"
"18725","22"
"18632","22"
"18559","22"
"18481","22"
"18416","22"
"18337","22"
"18262","22"
"18181","22"
"18113","22"
"18045","22"
"17982","22"
"17918","22"
"17855","22"
"17787","22"
"17720","22"
"17665","22"
"17615","22"
"17551","22"
"17489","22"
"17431","22"
"17376","22"
"17309","22"
"17247","22"
"17183","22"
"17126","22"
"17059","22"
"17005","22"
"16941","22"
"16884","22"
"16824","22"
"16765","22"
"16708","22"
"16660","22"
"16602","22"
"16554","22"
"16502","22"
"16441","22"
"16382","22"
"16338","22"
"16278","22"
"16218","22"
"16166","22"
"16119","22"
"16065","22"
"16018","22"
"15969","22"
"15907","22"
"15857","22"
"15805","21"
"15767","21"
"15717","21"
"15675","21"
"15633","21"
"15594","21"
"15557","21"
"15513","21"
"15464","21"
"15418","21"
"15370","21"
"15319","21"
"15275","21"
"15222","21"
"15177","21"
"15132","21"
"15074","21"
"15063","21"
"15021","21"
"15010","21"
"15026","21"
"15030","21"
"15058","21"
"15139","21"
"15190","21"
"15217","21"
"15271","21"
"15319","21"
"15371","21"
"15423","21"
"15442","21"
"15494","21"
"15546","21"
"15600","21"
"15644","21"
"15685","21"
"15761","21"
"15796","21"
"15836","21"
"15934","21"
"15986","21"
"16070","20"
"16141","20"
"16167","20"
"16202","20"
"16260","20"
"16293","20"
"16347","20"
"16419","20"
"16472","20"
"16541","20"
"16626","20"
"16689","20"
"16762","20"
"16827","20"
"16849","20"
"16908","20"
"16992","20"
"17078","26"
"17115","26"
"17165","26"
"17188","26"
"17212","26"
"17244","27"
"17271","27"
"17346","27"
"17370","27"
"17412","27"
"17446","26"
"17484","26"
"17534","26"
"17562","26"
"17616","26"
"17618","25"
"17613","25"
"17653","27"
"17659","27"
"17711","27"
"17742","27"
"17757","27"
"17796","27"
"17836","27"
"17873","27"
"17887","27"
"17957","27"
"17963","30"
"17992","30"
"18002","33"
"18074","33"
"18130","33"
"18169","33"
"18190","33"
"18216","37"
"18223","37"
"18238","37"
"18273","37"
"18286","37"
"18308","37"
"18309","37"
"18279","37"
"18276","37"
"18282","37"
"18313","37"
"18265","37"
"18249","37"
"18295","37"
"18302","37"
"18324","37"
"18328","37"
"18354","37"
"18374","37"
"18418","37"
"18400","37"
"18417","37"
"18451","37"
"18479","37"
"18485","37"
"18469","37"
"18438","37"
"18413","37"
"18309","37"
"18236","37"
"18165","37"
"18059","37"
"17949","37"
"17856","37"
"17762","37"
"17665","37"
"17574","37"
"17481","37"
"17392","37"
"17311","37"
"17212","37"
"17123","37"
"17044","37"
"16973","37"
"16888","37"
"16805","37"
"16737","37"
"16658","37"
"16572","37"
"16500","37"
"16426","37"
"16347","37"
"16272","37"
"16200","37"
"16112","37"
"16045","37"
"15973","37"
"15912","37"
"15836","37"
"15767","37"
"15705","37"
"15638","37"
"15567","37"
"15497","37"
"15423","37"
"15361","37"
"15292","37"
"15225","37"
"15159","37"
"15084","37"
"15014","37"
"14950","37"
"14877","37"
"14814","37"
"14740","37"
"14671","37"
"14604","37"
"14543","37"
"14478","37"
"14406","37"
"14344","37"
"14274","37"
"14210","37"
"14152","37"
"14088","37"
"14024","37"
"13970","36"
"13922","36"
"13854","36"
"13794","36"
"13742","36"
"13686","36"
"13625","36"
"13572","36"
"13507","36"
"13455","36"
"13403","36"
"13344","36"
"13285","36"
"13223","36"
"13175","36"
"13123","36"
"13065","36"
"13014","36"
"12960","36"
"12909","36"
"12854","36"
"12806","36"
"12778","36"
"12769","36"
"12804","36"
"12822","36"
"12865","36"
"12900","36"
"12926","36"
"12940","35"
"12991","35"
"13025","35"
"13059","35"
"13093","35"
"13113","35"
"13163","35"
"13216","35"
"13252","35"
"13290","35"
"13331","35"
"13368","35"
"13401","35"
"13437","35"
"13464","35"
"13505","35"
"13507","35"
"13604","35"
"13605","35"
"13629","35"
"13660","35"
"13682","35"
"13702","35"
"13765","35"
"13793","35"
"13853","35"
"13923","35"
"13969","35"
"13997","35"
"14044","35"
"14087","35"
"14132","35"
"14187","35"
"14245","34"
"14281","34"
"14326","34"
"14368","34"
"14373","34"
"14381","34"
"14389","34"
"14402","34"
"14404","34"
"14428","34"
"14435","34"
"14454","34"
"14439","34"
"14446","34"
"14483","34"
"14513","34"
"14534","34"
"14603","34"
"14634","34"
"14678","34"
"14675","34"
"14707","34"
"14738","34"
"14790","34"
"14854","34"
"14870","34"
"14862","34"
"14879","34"
"14909","34"
"14939","34"
"14946","34"
"14957","34"
"14981","34"
"15011","34"
"15073","34"
"15084","34"
"15100","34"
"15121","34"
"15135","34"
"15153","34"
"15171","34"
"15157","34"
"15185","34"
"15200","34"
"15192","34"
"15209","34"
"15209","34"
"15247","34"
"15267","34"
"15327","34"
"15341","34"
"15343","34"
"15362","34"
"15355","34"
"15374","34"
"15410","34"
"15413","34"
"15444","34"
"15453","34"
"15425","34"
"15417","34"
"15414","34"
"15396","34"
"15341","34"
"15273","34"
"15190","34"
"15109","34"
"15031","34"
"14954","34"
"14879","34"
"14814","34"
"14745","34"
"14680","34"
"14615","33"
"14550","33"
"14490","33"
"14417","33"
"14339","33"
"14271","33"
"14204","33"
"14135","33"
"14065","33"
"14000","33"
"13939","33"
"13866","33"
"13805","33"
"13741","33"
"13688","33"
"13626","33"
"13561","33"
"13509","33"
"13451","33"
"13394","33"
"13341","33"
"13291","33"
"13239","33"
"13188","33"
"13140","33"
"13082","33"
"13025","33"
"12973","33"
"12925","33"
"12870","33"
"12808","33"
"12750","33"
"12698","33"
"12643","33"
"12590","33"
"12533","33"
"12483","33"
"12436","33"
"12381","33"
"12318","32"
"12266","32"
"12212","32"
"12151","32"
"12103","32"
"12040","32"
"11988","32"
"11938","32"
"11888","32"
"11839","32"
"11789","32"
"11743","32"
"11691","32"
"11644","32"
"11591","32"
"11549","32"
"11500","32"
"11447","32"
"11392","32"
"11345","32"
"11299","31"
"11251","31"
"11204","31"
"11164","31"
"11116","31"
"11073","31"
"11028","31"
"10983","30"
"10937","30"
"10902","30"
"10873","30"
"10866","30"
"10851","30"
"10854","30"
"10867","30"
"10939","30"
"10949","30"
"10991","30"
"11023","30"
"11042","30"
"11060","30"
"11085","30"
"11152","30"
"11183","30"
"11212","30"
"11247","30"
"11269","30"
"11330","30"
"11356","30"
"11360","30"
"11375","30"
"11413","30"
"11429","30"
"11466","30"
"11500","30"
"11548","30"
"11602","30"
"11666","30"
"11702","30"
"11726","30"
"11769","30"
"11782","33"
"11811","33"
"11843","33"
"11899","36"
"11938","36"
"11971","36"
"11957","36"
"12002","36"
"12029","36"
"12047","36"
"12082","36"
"12144","36"
"12163","36"
"12222","36"
"12235","36"
"12259","36"
"12289","36"
"12311","37"
"12347","37"
"12367","37"
"12385","37"
"12430","37"
"12448","36"
"12452","36"
"12477","39"
"12487","39"
"12528","39"
"12576","40"
"12587","42"
"12594","42"
"12605","42"
"12594","43"
"12606","43"
"12618","43"
"12629","43"
"12643","43"
"12679","43"
"12729","47"
"12738","47"
"12758","47"
"12757","47"
"12801","48"
"12800","48"
"12836","50"
"12870","50"
"12897","50"
"12908","50"
"12907","50"
"12886","50"
"12883","50"
"12873","50"
"12891","50"
"12897","50"
"12903","50"
"12931","50"
"12955","50"
"12916","50"
"12945","50"
"12939","50"
"12969","50"
"12985","50"
"12981","49"
"13012","49"
"13033","49"
"13053","49"
"13064","49"
"13064","49"
"13093","49"
"13116","49"
"13127","49"
"13082","49"
"13040","49"
"12983","49"
"12899","49"
"12820","49"
"12743","49"
"12666","49"
"12596","49"
"12520","49"
"12438","49"
"12372","49"
"12296","49"
"12231","49"
"12166","49"
"12089","49"
"12014","49"
"11942","49"
"11867","49"
"11806","49"
"11738","49"
"11675","49"
"11610","49"
"11550","49"
"11487","49"
"11417","49"
"11358","48"
"11289","48"
"11220","48"
"11159","48"
"11099","48"
"11039","47"
"10983","47"
"10921","47"
"10858","47"
"10795","47"
"10738","47"
